{"stats":{"minecraft:crafted":{"minecraft:oak_planks":40,"minecraft:crafting_table":1,"minecraft:wooden_pickaxe":1,"minecraft:stone_axe":1,"minecraft:bread":1,"minecraft:jungle_planks":76,"minecraft:melon_seeds":7,"minecraft:stick":36,"minecraft:stone_pickaxe":1,"minecraft:wooden_axe":1,"minecraft:stone_sword":1,"minecraft:white_bed":1,"minecraft:dark_oak_planks":16,"minecraft:torch":40,"minecraft:stone_hoe":1},"minecraft:picked_up":{"minecraft:wooden_axe":1,"minecraft:crafting_table":3,"minecraft:wheat":4,"minecraft:jungle_log":71,"minecraft:black_bed":1,"minecraft:leather":4,"minecraft:potato":21,"minecraft:potion":2,"minecraft:enchanted_book":2,"minecraft:oak_log":10,"gravestone:obituary":4,"minecraft:cornflower":1,"minecraft:dirt":42,"minecraft:iron_axe":1,"minecraft:flint_and_steel":2,"minecraft:compass":1,"minecraft:item_frame":1,"minecraft:light_blue_banner":2,"chococraft:gysahl_green":17,"minecraft:apple":1,"minecraft:bow":1,"minecraft:wheat_seeds":13,"minecraft:beef":3,"minecraft:dark_oak_sign":1,"minecraft:jungle_sapling":5,"minecraft:iron_pickaxe":2,"minecraft:bamboo":26,"minecraft:melon_slice":53,"minecraft:chest":4,"minecraft:stick":8,"minecraft:raw_iron":4,"minecraft:torch":48,"minecraft:jungle_planks":64,"minecraft:golden_axe":1,"chococraft:gysahl_green_seeds":6,"minecraft:red_banner":4,"minecraft:white_bed":1,"minecraft:carrot":35,"minecraft:dark_oak_log":4,"minecraft:arrow":2,"minecraft:stone_sword":2,"minecraft:rotten_flesh":4,"minecraft:diamond":5,"minecraft:shears":1,"minecraft:emerald":6,"minecraft:gray_wool":2,"minecraft:black_banner":2,"minecraft:oak_sapling":4,"minecraft:coal":37,"minecraft:mutton":5,"minecraft:skeleton_skull":3,"minecraft:white_wool":6,"minecraft:cobblestone":76,"minecraft:ender_pearl":1},"minecraft:broken":{"minecraft:wooden_axe":1},"minecraft:killed":{"minecraft:skeleton":1,"minecraft:sheep":3,"minecraft:zombie":5},"minecraft:dropped":{"minecraft:wheat_seeds":1,"minecraft:cobblestone":1,"minecraft:dirt":28,"minecraft:torch":1,"minecraft:melon_seeds":2,"gravestone:obituary":4,"minecraft:bow":1,"minecraft:wooden_pickaxe":1},"minecraft:custom":{"minecraft:mob_kills":9,"minecraft:interact_with_crafting_table":5,"minecraft:open_barrel":24,"minecraft:leave_game":1,"minecraft:time_since_death":21224,"minecraft:sleep_in_bed":5,"minecraft:climb_one_cm":1894,"minecraft:time_since_rest":21255,"minecraft:sprint_one_cm":279841,"minecraft:damage_taken":1557,"minecraft:walk_one_cm":133059,"minecraft:drop":17,"minecraft:damage_dealt":1977,"minecraft:swim_one_cm":4214,"minecraft:fly_one_cm":125537,"minecraft:open_chest":10,"minecraft:play_time":57039,"minecraft:deaths":2,"minecraft:sneak_time":147,"minecraft:walk_under_water_one_cm":3924,"minecraft:jump":765,"minecraft:walk_on_water_one_cm":2352,"minecraft:total_world_time":57039,"minecraft:fall_one_cm":16187},"minecraft:mined":{"minecraft:white_bed":1,"minecraft:dark_oak_leaves":6,"minecraft:dark_oak_log":4,"minecraft:crafting_table":2,"minecraft:cornflower":1,"minecraft:torch":5,"minecraft:grass_block":14,"minecraft:melon":7,"minecraft:chest":1,"minecraft:jungle_log":20,"minecraft:tall_grass":6,"minecraft:wall_torch":1,"minecraft:gray_wool":1,"minecraft:carrots":9,"minecraft:fire":1,"minecraft:iron_ore":2,"minecraft:wheat":4,"minecraft:coal_ore":37,"minecraft:grass":15,"minecraft:potatoes":6,"minecraft:skeleton_wall_skull":1,"minecraft:oak_log":12,"minecraft:vine":4,"minecraft:dirt":4,"minecraft:bamboo":5,"minecraft:stone":78,"minecraft:fern":1},"minecraft:killed_by":{"minecraft:player":1},"minecraft:used":{"minecraft:wheat_seeds":4,"minecraft:stone_sword":31,"minecraft:dark_oak_sign":1,"minecraft:stone_pickaxe":32,"minecraft:chest":3,"minecraft:wooden_pickaxe":9,"minecraft:stone_hoe":6,"minecraft:rotten_flesh":4,"minecraft:torch":35,"minecraft:dirt":14,"minecraft:crafting_table":3,"minecraft:jungle_planks":1,"minecraft:carrot":27,"minecraft:white_bed":1,"minecraft:black_bed":1,"minecraft:jungle_sapling":5,"minecraft:wooden_axe":61,"minecraft:iron_pickaxe":76,"minecraft:iron_axe":14,"minecraft:bread":1,"minecraft:melon_slice":30,"minecraft:melon_seeds":5,"minecraft:item_frame":1,"minecraft:bamboo":26,"minecraft:stone_axe":9,"minecraft:cobblestone":3,"minecraft:oak_sapling":3,"minecraft:skeleton_skull":1,"minecraft:potato":32,"minecraft:gray_wool":1,"minecraft:golden_axe":4}},"DataVersion":3465}