{"stats":{"minecraft:dropped":{"minecraft:iron_sword":1,"minecraft:acacia_wood":1,"minecraft:birch_planks":15,"minecraft:porkchop":2,"chococraft:loverly_gysahl_green":8,"minecraft:lapis_lazuli":26,"minecraft:crafting_table":2,"minecraft:cooked_porkchop":60,"minecraft:leather":8,"minecraft:rail":4,"minecraft:cobblestone_stairs":6,"minecraft:emerald":54,"minecraft:dirt":188,"minecraft:cornflower":6,"minecraft:mutton":2,"minecraft:netherite_boots":1,"gravestone:obituary":2,"minecraft:sunflower":1,"minecraft:bone_meal":2,"minecraft:iron_pickaxe":1,"minecraft:cauldron":2,"minecraft:bone":1,"minecraft:oak_door":2,"minecraft:gravel":4,"minecraft:stone_axe":1,"minecraft:sugar_cane":1,"minecraft:cooked_chicken":2,"minecraft:cobbled_deepslate":269,"minecraft:wheat":2,"minecraft:pointed_dripstone":37,"minecraft:rotten_flesh":47,"minecraft:oak_planks":68,"chococraft:green_chocobo_spawn_egg":1,"minecraft:azure_bluet":3,"minecraft:carrot":5,"minecraft:poppy":7,"chococraft:chocobo_saddle":1,"minecraft:netherrack":1,"minecraft:egg":1,"minecraft:water_bucket":1,"minecraft:stone_hoe":1,"minecraft:iron_ingot":3,"minecraft:oak_slab":6,"minecraft:wheat_seeds":33,"chococraft:gold_gysahl":1,"minecraft:mossy_cobblestone":5,"minecraft:dripstone_block":23,"minecraft:netherite_chestplate":2,"minecraft:feather":6,"minecraft:oak_fence":2,"minecraft:golden_axe":1,"minecraft:cobblestone":21,"minecraft:apple":2,"chococraft:gysahl_green_seeds":50,"minecraft:granite":7,"minecraft:coal":20,"minecraft:stick":8,"chococraft:chocobo_whistle":2,"minecraft:oxeye_daisy":4,"minecraft:diorite":5,"minecraft:ink_sac":3,"minecraft:torch":9,"minecraft:rose_bush":2,"minecraft:brown_wool":1,"minecraft:diamond_helmet":2,"minecraft:oak_stairs":201,"minecraft:string":2,"minecraft:trapped_chest":1,"minecraft:dandelion":18,"minecraft:furnace":2,"minecraft:bricks":2,"minecraft:raw_copper":10,"chococraft:chocobo_feather":46,"minecraft:tuff":26,"minecraft:raw_iron":27,"minecraft:chicken":4,"minecraft:shield":2,"minecraft:spruce_trapdoor":2,"minecraft:diamond_pickaxe":1,"minecraft:andesite":1,"minecraft:oak_sapling":1,"minecraft:spider_eye":2,"minecraft:barrel":1,"minecraft:stone_pickaxe":3,"minecraft:wooden_pickaxe":2,"minecraft:raw_gold":5,"minecraft:cyan_bed":1,"chococraft:gysahl_green":306,"minecraft:black_wool":1},"minecraft:killed":{"minecraft:witch":1,"minecraft:spider":10,"minecraft:skeleton":12,"minecraft:chicken":4,"minecraft:pig":82,"minecraft:iron_golem":2,"minecraft:creeper":3,"minecraft:sheep":2,"minecraft:trader_llama":4,"minecraft:pillager":1,"minecraft:zombie":47,"minecraft:cow":5,"minecraft:horse":1,"minecraft:drowned":1,"minecraft:wandering_trader":2},"minecraft:mined":{"minecraft:white_bed":21,"minecraft:oak_sapling":18,"minecraft:cobblestone_stairs":40,"minecraft:obsidian":21,"minecraft:grass_block":1268,"minecraft:composter":9,"minecraft:oxeye_daisy":4,"minecraft:smooth_stone":6,"minecraft:tall_seagrass":5,"minecraft:cobbled_deepslate":7,"minecraft:iron_ore":28,"minecraft:fire":1,"minecraft:barrel":7,"minecraft:deepslate_lapis_ore":1,"minecraft:azure_bluet":6,"chococraft:gysahl_green":449,"minecraft:pointed_dripstone":1,"minecraft:water_cauldron":3,"minecraft:dirt_path":57,"minecraft:oak_stairs":131,"minecraft:tripwire":4,"minecraft:deepslate_redstone_ore":11,"minecraft:torch":40,"minecraft:jungle_stairs":2,"minecraft:blast_furnace":3,"minecraft:poppy":3,"minecraft:chest":8,"minecraft:cobblestone":148,"minecraft:cyan_bed":1,"minecraft:sugar_cane":24,"minecraft:oak_planks":93,"minecraft:bricks":2,"minecraft:wall_torch":27,"minecraft:seagrass":1,"minecraft:birch_log":8,"minecraft:wheat":1,"minecraft:stripped_oak_wood":3,"minecraft:grass":157,"minecraft:oak_log":430,"minecraft:oak_fence_gate":4,"minecraft:sand":20,"minecraft:dirt":425,"minecraft:netherrack":4,"minecraft:oak_leaves":189,"minecraft:deepslate":326,"minecraft:tuff":30,"minecraft:mossy_cobblestone":12,"minecraft:deepslate_diamond_ore":8,"minecraft:oak_door":9,"minecraft:glow_lichen":1,"gravestone:gravestone":2,"minecraft:jungle_planks":1,"minecraft:oak_trapdoor":10,"minecraft:furnace":4,"minecraft:carrots":348,"minecraft:acacia_wood":4,"minecraft:andesite":1,"minecraft:bell":1,"minecraft:bookshelf":8,"minecraft:deepslate_iron_ore":18,"minecraft:cobblestone_slab":2,"minecraft:vine":2,"minecraft:lantern":1,"minecraft:stripped_oak_log":1,"minecraft:stone":327,"minecraft:smithing_table":5,"minecraft:oak_slab":4,"minecraft:glass_pane":3,"minecraft:dandelion":8,"minecraft:oak_fence":116,"minecraft:crafting_table":4,"minecraft:cornflower":2,"minecraft:rose_bush":3,"minecraft:tall_grass":9,"minecraft:copper_ore":3,"minecraft:lapis_ore":3,"minecraft:deepslate_gold_ore":10,"minecraft:diorite":6,"minecraft:birch_planks":11,"minecraft:yellow_bed":1,"minecraft:coal_ore":58,"minecraft:cyan_carpet":1,"minecraft:gravel":6,"minecraft:dripstone_block":6},"minecraft:broken":{"minecraft:iron_shovel":1,"minecraft:iron_boots":1,"minecraft:iron_chestplate":1,"minecraft:iron_leggings":1,"minecraft:stone_axe":2,"minecraft:stone_shovel":10,"minecraft:stone_sword":1,"minecraft:iron_axe":5,"minecraft:iron_pickaxe":4,"minecraft:iron_helmet":1},"minecraft:custom":{"minecraft:animals_bred":148,"minecraft:interact_with_crafting_table":88,"minecraft:leave_game":4,"minecraft:time_since_death":8600,"minecraft:sprint_one_cm":2830468,"minecraft:drop":361,"minecraft:talked_to_villager":66,"minecraft:play_time":885847,"minecraft:deaths":4,"minecraft:jump":7307,"minecraft:walk_on_water_one_cm":71675,"minecraft:interact_with_furnace":35,"minecraft:traded_with_villager":51,"minecraft:sleep_in_bed":48,"minecraft:damage_dealt":26499,"minecraft:crouch_one_cm":13368,"minecraft:interact_with_smithing_table":3,"minecraft:mob_kills":189,"minecraft:climb_one_cm":3762,"minecraft:walk_one_cm":2434415,"minecraft:sneak_time":5691,"minecraft:walk_under_water_one_cm":44382,"minecraft:interact_with_blast_furnace":3,"minecraft:total_world_time":885847,"minecraft:time_since_rest":8629,"minecraft:damage_taken":11126,"minecraft:swim_one_cm":57053,"minecraft:fly_one_cm":1387263,"minecraft:open_chest":191,"minecraft:fall_one_cm":212787},"minecraft:crafted":{"minecraft:oak_planks":928,"minecraft:cobblestone_slab":24,"minecraft:barrel":1,"chococraft:chocobo_whistle":1,"minecraft:cooked_chicken":3,"minecraft:stone":24,"minecraft:cobblestone_stairs":20,"minecraft:bookshelf":7,"minecraft:cooked_mutton":2,"minecraft:chest":4,"minecraft:stone_hoe":1,"minecraft:oak_fence":102,"chococraft:straw":32,"minecraft:oak_slab":18,"minecraft:emerald":48,"minecraft:cooked_porkchop":110,"minecraft:crafting_table":6,"minecraft:wooden_pickaxe":1,"chococraft:chocopedia":1,"minecraft:birch_planks":32,"minecraft:paper":24,"minecraft:book":4,"minecraft:diamond_pickaxe":1,"minecraft:shield":2,"minecraft:stick":1196,"minecraft:iron_ingot":11,"minecraft:iron_pickaxe":3,"minecraft:stone_sword":1,"minecraft:gold_ingot":5,"minecraft:redstone_torch":1,"minecraft:composter":1,"chococraft:gysahl_green_seeds":64,"chococraft:chocobo_saddle_pack":1,"minecraft:stone_shovel":10,"minecraft:furnace":11,"minecraft:bone_meal":45,"minecraft:flint_and_steel":1,"chococraft:chocobo_saddle_bags":1,"minecraft:iron_axe":3,"chococraft:choco_disguise_leggings":1,"minecraft:stone_pickaxe":3,"minecraft:cooked_beef":1,"chococraft:choco_disguise_boots":1,"minecraft:enchanting_table":1,"minecraft:bucket":1,"minecraft:stone_axe":3,"minecraft:enchanted_book":1,"minecraft:oak_fence_gate":4,"minecraft:oak_boat":2,"minecraft:white_wool":2,"minecraft:oak_stairs":8,"chococraft:choco_disguise_chestplate":1,"minecraft:torch":208,"chococraft:choco_disguise_helmet":1},"minecraft:used":{"minecraft:iron_shovel":246,"minecraft:chest":11,"minecraft:stone":12,"minecraft:rotten_flesh":7,"minecraft:iron_chestplate":1,"minecraft:jungle_planks":1,"minecraft:carrot":585,"minecraft:tuff":5,"minecraft:azure_bluet":2,"minecraft:obsidian":15,"minecraft:lava_bucket":14,"minecraft:lantern":1,"minecraft:iron_helmet":1,"chococraft:straw":32,"minecraft:bow":4,"minecraft:oak_sapling":132,"minecraft:furnace":11,"minecraft:egg":4,"minecraft:stone_pickaxe":147,"minecraft:oak_planks":152,"minecraft:wooden_pickaxe":8,"minecraft:composter":9,"minecraft:sugar_cane":24,"minecraft:sand":14,"minecraft:blast_furnace":2,"minecraft:dripstone_block":3,"minecraft:redstone_torch":1,"minecraft:cyan_bed":1,"minecraft:string":4,"minecraft:diamond_sword":58,"minecraft:smithing_table":5,"chococraft:gysahl_green":170,"minecraft:oak_boat":2,"minecraft:bone_meal":45,"minecraft:oak_fence":197,"minecraft:stone_sword":132,"chococraft:choco_disguise_leggings":1,"minecraft:flint_and_steel":8,"minecraft:stone_shovel":1320,"minecraft:cooked_chicken":3,"minecraft:stone_hoe":91,"minecraft:netherrack":2,"minecraft:oak_door":12,"minecraft:torch":324,"minecraft:dirt":1217,"chococraft:choco_disguise_helmet":1,"minecraft:diamond_helmet":2,"minecraft:oak_fence_gate":8,"minecraft:bookshelf":7,"minecraft:iron_axe":1104,"minecraft:oak_stairs":17,"minecraft:iron_boots":1,"minecraft:barrel":7,"minecraft:acacia_wood":2,"minecraft:cooked_beef":1,"minecraft:cobbled_deepslate":30,"minecraft:golden_axe":2,"minecraft:iron_leggings":1,"minecraft:wheat_seeds":1,"minecraft:water_bucket":30,"minecraft:cobblestone_stairs":38,"minecraft:birch_planks":18,"minecraft:lead":1,"minecraft:cobblestone_slab":18,"minecraft:crafting_table":9,"minecraft:white_bed":23,"minecraft:oak_log":108,"minecraft:diamond_pickaxe":32,"minecraft:apple":1,"chococraft:gysahl_green_seeds":556,"minecraft:iron_pickaxe":981,"minecraft:jungle_stairs":2,"minecraft:stone_axe":275,"minecraft:cobblestone":229,"minecraft:cooked_porkchop":90,"minecraft:bucket":44,"minecraft:yellow_bed":1},"minecraft:killed_by":{"minecraft:player":2},"minecraft:picked_up":{"minecraft:iron_chestplate":1,"chococraft:loverly_gysahl_green":53,"minecraft:wheat":112,"minecraft:smithing_table":6,"minecraft:lead":8,"minecraft:oak_stairs":231,"minecraft:wither_rose":4,"minecraft:enchanted_book":2,"minecraft:brewing_stand":1,"minecraft:string":30,"minecraft:raw_copper":21,"minecraft:iron_leggings":1,"minecraft:cobbled_deepslate":315,"minecraft:smooth_stone":6,"minecraft:bucket":2,"minecraft:rose_bush":3,"minecraft:cobblestone_slab":2,"minecraft:iron_pickaxe":2,"minecraft:furnace":5,"minecraft:iron_boots":1,"minecraft:stick":85,"minecraft:composter":9,"minecraft:oak_fence":117,"minecraft:torch":119,"minecraft:porkchop":159,"minecraft:golden_axe":1,"minecraft:pointed_dripstone":37,"minecraft:diorite":6,"minecraft:cauldron":5,"minecraft:stone_sword":1,"minecraft:rotten_flesh":112,"minecraft:netherite_chestplate":1,"minecraft:obsidian":35,"minecraft:cobblestone":463,"minecraft:birch_log":8,"minecraft:feather":6,"minecraft:lilac":1,"minecraft:water_bucket":3,"minecraft:andesite":1,"minecraft:brown_wool":1,"minecraft:flint":1,"minecraft:tuff":31,"minecraft:lapis_lazuli":26,"minecraft:dirt":1736,"minecraft:lantern":1,"minecraft:bone":23,"minecraft:bow":2,"minecraft:wheat_seeds":43,"minecraft:raw_gold":10,"minecraft:stone_hoe":2,"minecraft:oak_planks":220,"minecraft:cooked_porkchop":22,"minecraft:sand":19,"minecraft:jungle_planks":1,"minecraft:ink_sac":6,"minecraft:cyan_bed":1,"minecraft:barrel":12,"minecraft:mossy_cobblestone":12,"minecraft:diamond":8,"minecraft:granite":7,"minecraft:bone_meal":4,"minecraft:golden_horse_armor":1,"minecraft:emerald":56,"minecraft:oak_sapling":133,"minecraft:netherrack":3,"minecraft:bricks":2,"minecraft:diamond_pickaxe":1,"minecraft:crafting_table":7,"minecraft:azure_bluet":5,"minecraft:chicken":4,"minecraft:wooden_pickaxe":1,"gravestone:obituary":3,"minecraft:cornflower":5,"minecraft:oak_trapdoor":6,"minecraft:iron_axe":3,"minecraft:cyan_carpet":1,"minecraft:beef":12,"minecraft:oak_boat":1,"minecraft:poppy":7,"minecraft:sugar_cane":49,"minecraft:chest":8,"minecraft:spruce_trapdoor":1,"minecraft:egg":5,"minecraft:raw_iron":49,"minecraft:oak_door":14,"minecraft:carrot":1213,"minecraft:redstone":41,"minecraft:arrow":53,"minecraft:jungle_stairs":2,"minecraft:gold_ingot":4,"minecraft:mutton":4,"minecraft:rail":4,"minecraft:white_wool":4,"minecraft:oxeye_daisy":4,"minecraft:leather":29,"minecraft:acacia_wood":4,"minecraft:filled_map":1,"minecraft:birch_planks":12,"chococraft:chocobo_saddle":3,"minecraft:oak_log":428,"minecraft:yellow_bed":1,"minecraft:gunpowder":6,"minecraft:cobblestone_stairs":40,"minecraft:wooden_hoe":1,"minecraft:paper":1,"minecraft:cooked_mutton":1,"chococraft:chocobo_feather":168,"chococraft:gysahl_green":1357,"minecraft:apple":20,"chococraft:gold_gysahl":46,"minecraft:oak_fence_gate":4,"minecraft:iron_ingot":25,"minecraft:cooked_chicken":2,"minecraft:stripped_oak_wood":3,"minecraft:book":38,"minecraft:oak_slab":4,"minecraft:dandelion":34,"minecraft:dripstone_block":26,"minecraft:gravel":4,"chococraft:gysahl_green_seeds":542,"minecraft:blast_furnace":2,"minecraft:white_bed":24,"minecraft:spider_eye":2,"minecraft:diamond_shovel":2,"chococraft:chocobo_whistle":2,"minecraft:iron_helmet":1,"minecraft:cherry_sapling":2,"minecraft:black_wool":1,"minecraft:coal":94,"minecraft:sunflower":1,"minecraft:ender_pearl":2}},"DataVersion":3465}