{"stats":{"minecraft:mined":{"minecraft:dark_oak_planks":1,"minecraft:spruce_planks":4,"minecraft:white_bed":1,"minecraft:cobblestone_stairs":2,"minecraft:grass_block":86,"minecraft:jungle_log":64,"minecraft:coal_block":1,"minecraft:potted_fern":1,"minecraft:mossy_cobblestone_stairs":3,"minecraft:cobbled_deepslate":2,"minecraft:iron_ore":297,"minecraft:fire":1,"minecraft:barrel":21,"minecraft:pumpkin":56,"minecraft:deepslate_lapis_ore":5,"minecraft:anvil":1,"minecraft:dark_oak_stairs":14,"chococraft:gysahl_green":46,"minecraft:skeleton_wall_skull":1,"minecraft:light_gray_concrete":1,"minecraft:deepslate_redstone_ore":14,"minecraft:soul_wall_torch":1,"minecraft:jungle_door":6,"minecraft:powder_snow":45,"minecraft:torch":18,"minecraft:blast_furnace":5,"minecraft:melon":200,"minecraft:chest":13,"minecraft:cobblestone":2,"minecraft:sugar_cane":6,"minecraft:wall_torch":12,"minecraft:birch_log":6,"minecraft:wheat":34,"minecraft:birch_trapdoor":3,"minecraft:grass":48,"minecraft:oak_log":59,"minecraft:beetroots":6,"minecraft:sand":20,"minecraft:dirt":16,"minecraft:smooth_basalt":1,"minecraft:oak_leaves":5,"minecraft:deepslate":412,"minecraft:daylight_detector":1,"minecraft:tuff":75,"minecraft:mossy_cobblestone":1,"minecraft:dark_oak_leaves":7,"minecraft:deepslate_diamond_ore":12,"minecraft:dark_oak_log":4,"minecraft:jungle_planks":1,"minecraft:spruce_leaves":5,"minecraft:hay_block":174,"minecraft:furnace":2,"minecraft:carrots":41,"minecraft:green_terracotta":6,"minecraft:andesite":4,"minecraft:stripped_spruce_log":3,"minecraft:gold_block":5,"minecraft:bookshelf":16,"minecraft:potatoes":52,"minecraft:deepslate_iron_ore":4,"minecraft:vine":6,"minecraft:bamboo":14,"minecraft:stone":97,"minecraft:scaffolding":3,"minecraft:redstone_block":3,"minecraft:glass_pane":2,"minecraft:gray_concrete":2,"minecraft:stripped_dark_oak_log":5,"minecraft:polished_granite":1,"minecraft:crafting_table":17,"minecraft:cornflower":1,"minecraft:tall_grass":12,"minecraft:deepslate_coal_ore":4,"minecraft:dried_kelp_block":60,"minecraft:lapis_ore":1,"minecraft:deepslate_gold_ore":3,"minecraft:diorite":2,"minecraft:gray_wool":1,"minecraft:birch_planks":1,"minecraft:spruce_log":13,"minecraft:birch_leaves":1,"minecraft:jungle_fence":5,"minecraft:coal_ore":311,"minecraft:cocoa":2,"minecraft:cobweb":31,"minecraft:polished_andesite":2,"minecraft:stone_bricks":1,"minecraft:mossy_stone_bricks":1,"minecraft:gold_ore":4,"minecraft:deepslate_emerald_ore":3,"minecraft:fern":2},"minecraft:broken":{"minecraft:wooden_axe":1,"minecraft:iron_axe":1,"minecraft:iron_pickaxe":2},"minecraft:used":{"minecraft:polished_granite_stairs":1,"minecraft:black_carpet":14,"minecraft:chest":26,"minecraft:iron_sword":86,"minecraft:rotten_flesh":17,"minecraft:iron_chestplate":1,"minecraft:jungle_planks":1,"minecraft:carrot":79,"minecraft:tuff":68,"minecraft:stripped_spruce_log":2,"minecraft:jungle_sapling":6,"minecraft:jungle_fence_gate":2,"minecraft:lantern":1,"minecraft:item_frame":1,"minecraft:rabbit_stew":1,"minecraft:birch_trapdoor":2,"minecraft:bow":3,"minecraft:scaffolding":1,"minecraft:furnace":4,"minecraft:oak_sapling":20,"minecraft:cooked_cod":6,"minecraft:beetroot_seeds":6,"minecraft:skeleton_skull":1,"minecraft:egg":3,"minecraft:potato":84,"minecraft:mossy_stone_bricks":1,"minecraft:stone_pickaxe":32,"minecraft:dark_oak_sign":1,"minecraft:jungle_fence":56,"minecraft:wooden_pickaxe":9,"minecraft:jungle_boat":1,"minecraft:mushroom_stew":2,"minecraft:blast_furnace":3,"minecraft:gray_concrete":2,"minecraft:black_bed":1,"minecraft:daylight_detector":1,"minecraft:light_gray_concrete":1,"minecraft:melon_slice":93,"minecraft:bread":2,"minecraft:andesite":1,"chococraft:gysahl_green":108,"minecraft:bone_meal":3,"minecraft:stone_sword":98,"minecraft:spruce_planks":26,"minecraft:wooden_shovel":18,"minecraft:stone_hoe":6,"minecraft:cooked_chicken":2,"minecraft:torch":179,"minecraft:dirt":89,"minecraft:mossy_cobblestone_stairs":3,"minecraft:wooden_axe":61,"minecraft:iron_axe":632,"minecraft:iron_boots":1,"minecraft:melon_seeds":5,"minecraft:barrel":1,"minecraft:smooth_basalt":1,"minecraft:bamboo":78,"minecraft:cooked_beef":2,"minecraft:cobbled_deepslate":16,"minecraft:golden_axe":4,"minecraft:iron_leggings":1,"minecraft:wheat_seeds":34,"minecraft:cooked_mutton":5,"minecraft:iron_ore":26,"minecraft:cobblestone_stairs":2,"minecraft:birch_planks":18,"minecraft:polished_andesite":1,"minecraft:baked_potato":1,"minecraft:polished_blackstone_pressure_plate":1,"minecraft:mossy_cobblestone":1,"minecraft:stripped_dark_oak_log":5,"minecraft:crafting_table":19,"minecraft:white_bed":1,"minecraft:jungle_chest_boat":2,"minecraft:diamond_pickaxe":9,"chococraft:gysahl_green_seeds":45,"minecraft:iron_pickaxe":1254,"minecraft:stone_axe":9,"minecraft:cobblestone":10,"minecraft:jungle_door":6,"minecraft:gray_wool":1},"minecraft:dropped":{"minecraft:brown_mushroom":4,"minecraft:cooked_beef":1,"minecraft:dark_oak_sapling":1,"minecraft:jungle_fence":2,"minecraft:dirt":28,"minecraft:jungle_sapling":4,"gravestone:obituary":4,"minecraft:sand":1,"minecraft:cobbled_deepslate":395,"minecraft:rotten_flesh":1,"minecraft:light_gray_carpet":5,"minecraft:melon_seeds":2,"minecraft:birch_button":1,"minecraft:polished_granite":1,"minecraft:wheat_seeds":14,"minecraft:cobblestone":13,"minecraft:polished_blackstone_button":1,"minecraft:coal":1,"minecraft:polished_andesite":3,"minecraft:torch":1,"minecraft:iron_axe":1,"minecraft:spruce_sapling":6,"minecraft:kelp":2,"minecraft:stone_sword":1,"minecraft:cocoa_beans":12,"minecraft:bowl":3,"minecraft:spruce_planks":1,"minecraft:diamond_pickaxe":1,"minecraft:oak_sapling":1,"minecraft:bamboo":5,"minecraft:warped_button":1,"minecraft:bow":2,"minecraft:wooden_pickaxe":1,"minecraft:raw_gold":3},"minecraft:custom":{"minecraft:animals_bred":6,"minecraft:interact_with_crafting_table":66,"minecraft:open_barrel":148,"minecraft:leave_game":3,"minecraft:time_since_death":431233,"minecraft:sprint_one_cm":1762841,"minecraft:drop":77,"minecraft:talked_to_villager":6,"minecraft:play_time":467048,"minecraft:deaths":2,"minecraft:jump":4990,"minecraft:walk_on_water_one_cm":31993,"minecraft:interact_with_furnace":17,"minecraft:traded_with_villager":1,"minecraft:interact_with_loom":1,"minecraft:sleep_in_bed":12,"minecraft:waystone_activated":1,"minecraft:damage_dealt":12331,"minecraft:crouch_one_cm":6204,"minecraft:interact_with_smoker":18,"minecraft:interact_with_smithing_table":1,"minecraft:mob_kills":92,"minecraft:interact_with_anvil":2,"minecraft:climb_one_cm":19437,"minecraft:walk_one_cm":866830,"minecraft:sneak_time":5922,"minecraft:walk_under_water_one_cm":25526,"minecraft:interact_with_blast_furnace":37,"minecraft:total_world_time":467048,"minecraft:time_since_rest":15523,"minecraft:damage_taken":3945,"minecraft:swim_one_cm":274590,"minecraft:fly_one_cm":800215,"minecraft:open_chest":268,"minecraft:fall_one_cm":98088},"minecraft:picked_up":{"minecraft:wooden_axe":1,"chococraft:loverly_gysahl_green":5,"minecraft:black_carpet":14,"minecraft:wheat":33,"minecraft:redstone_block":3,"minecraft:anvil":1,"minecraft:potion":5,"minecraft:enchanted_book":4,"minecraft:birch_button":1,"minecraft:dark_oak_pressure_plate":2,"minecraft:string":33,"minecraft:beetroot":6,"minecraft:cobbled_deepslate":427,"minecraft:spruce_planks":3,"minecraft:iron_pickaxe":3,"minecraft:melon_slice":1054,"minecraft:coal_block":1,"minecraft:furnace":2,"minecraft:stick":38,"minecraft:jungle_door":6,"minecraft:birch_trapdoor":3,"minecraft:torch":125,"minecraft:golden_axe":1,"minecraft:warped_button":1,"minecraft:jungle_chest_boat":2,"minecraft:green_terracotta":6,"minecraft:stone_sword":3,"minecraft:rotten_flesh":62,"minecraft:cobblestone":95,"minecraft:birch_log":6,"minecraft:cooked_beef":1,"minecraft:andesite":1,"minecraft:jungle_log":112,"minecraft:black_bed":1,"minecraft:potato":190,"minecraft:flint":1,"minecraft:tuff":68,"minecraft:gray_concrete":2,"minecraft:lapis_lazuli":40,"minecraft:dirt":122,"minecraft:lantern":1,"minecraft:polished_granite":1,"minecraft:bone":5,"minecraft:bow":3,"minecraft:wheat_seeds":95,"minecraft:raw_gold":10,"minecraft:dark_oak_sign":1,"minecraft:mossy_stone_bricks":1,"minecraft:bamboo":119,"minecraft:jungle_planks":65,"minecraft:sand":20,"minecraft:stripped_spruce_log":2,"minecraft:dark_oak_log":4,"minecraft:barrel":21,"minecraft:mossy_cobblestone":1,"minecraft:light_gray_concrete":1,"minecraft:polished_andesite":4,"minecraft:diamond":32,"minecraft:polished_blackstone_pressure_plate":1,"waystones:waystone":1,"minecraft:polished_blackstone_button":1,"minecraft:bread":2,"minecraft:emerald":18,"minecraft:oak_sapling":22,"minecraft:light_gray_carpet":5,"minecraft:diamond_pickaxe":1,"minecraft:cocoa_beans":21,"minecraft:crafting_table":18,"minecraft:rabbit_stew":1,"minecraft:brown_mushroom":2,"mowziesmobs:glowing_jelly":1,"minecraft:gold_block":5,"gravestone:obituary":4,"minecraft:cornflower":1,"minecraft:iron_axe":2,"minecraft:flint_and_steel":2,"minecraft:compass":1,"minecraft:item_frame":1,"minecraft:beef":19,"minecraft:jungle_sapling":10,"minecraft:sugar_cane":11,"minecraft:chest":16,"minecraft:egg":3,"minecraft:dark_oak_sapling":1,"minecraft:raw_iron":303,"minecraft:carrot":161,"minecraft:redstone":64,"minecraft:dark_oak_planks":1,"minecraft:polished_granite_stairs":1,"minecraft:arrow":3,"minecraft:beetroot_seeds":15,"minecraft:pumpkin_pie":1,"minecraft:shears":2,"minecraft:hay_block":173,"minecraft:black_banner":2,"minecraft:mutton":7,"minecraft:skeleton_skull":3,"minecraft:white_wool":6,"minecraft:jungle_boat":1,"minecraft:leather":18,"minecraft:jungle_fence":7,"minecraft:birch_planks":1,"minecraft:oak_log":56,"minecraft:cobblestone_stairs":2,"chococraft:chocobo_feather":1,"chococraft:gysahl_green":140,"minecraft:light_blue_banner":2,"minecraft:apple":4,"minecraft:stone_bricks":1,"chococraft:gold_gysahl":1,"minecraft:kelp":2,"minecraft:cooked_chicken":2,"minecraft:dark_oak_stairs":14,"minecraft:book":50,"minecraft:scaffolding":3,"minecraft:smooth_basalt":1,"minecraft:pumpkin":56,"minecraft:daylight_detector":1,"minecraft:soul_torch":1,"minecraft:red_banner":4,"minecraft:spruce_sapling":6,"chococraft:gysahl_green_seeds":51,"minecraft:blast_furnace":5,"minecraft:white_bed":1,"minecraft:spruce_log":12,"minecraft:dried_kelp_block":60,"minecraft:gray_wool":2,"minecraft:mossy_cobblestone_stairs":3,"minecraft:baked_potato":1,"minecraft:stripped_dark_oak_log":5,"minecraft:coal":315,"minecraft:ender_pearl":3},"minecraft:killed_by":{"minecraft:player":1},"minecraft:killed":{"minecraft:spider":3,"minecraft:skeleton":3,"mowziesmobs:lantern":1,"minecraft:sheep":5,"minecraft:pillager":3,"minecraft:zombie":68,"minecraft:cow":9},"minecraft:crafted":{"minecraft:oak_planks":124,"minecraft:jungle_fence_gate":2,"minecraft:melon":112,"minecraft:cooked_mutton":5,"minecraft:glass":19,"minecraft:iron_boots":1,"minecraft:melon_seeds":7,"minecraft:chest":13,"minecraft:stone_hoe":1,"minecraft:wooden_shovel":1,"minecraft:emerald":1,"minecraft:crafting_table":3,"minecraft:spruce_planks":48,"minecraft:jungle_boat":1,"minecraft:wooden_pickaxe":1,"travelersbackpack:standard":1,"minecraft:gold_block":2,"minecraft:birch_planks":24,"minecraft:iron_chestplate":1,"minecraft:diamond_pickaxe":1,"minecraft:stick":90,"minecraft:iron_ingot":304,"minecraft:iron_pickaxe":3,"minecraft:iron_block":31,"minecraft:stone_sword":1,"minecraft:gold_ingot":3,"minecraft:jungle_chest_boat":1,"minecraft:furnace":4,"minecraft:mushroom_stew":2,"minecraft:bone_meal":6,"minecraft:diamond_block":2,"travelersbackpack:white_sleeping_bag":1,"minecraft:iron_axe":1,"minecraft:stone_pickaxe":1,"minecraft:redstone_block":11,"minecraft:jungle_fence":66,"minecraft:dark_oak_planks":16,"minecraft:wheat":9,"minecraft:cooked_beef":19,"minecraft:coal_block":20,"travelersbackpack:backpack_tank":2,"minecraft:iron_sword":1,"minecraft:bowl":4,"travelersbackpack:horse":1,"minecraft:stone_axe":1,"minecraft:bread":1,"minecraft:jungle_planks":240,"minecraft:jungle_door":3,"minecraft:wooden_axe":1,"minecraft:iron_leggings":1,"chococraft:chocobo_saddle":1,"minecraft:white_bed":1,"minecraft:torch":116,"minecraft:lapis_block":3}},"DataVersion":3465}