{"stats":{"minecraft:mined":{"minecraft:dark_oak_planks":1,"minecraft:spruce_planks":4,"minecraft:white_bed":1,"minecraft:cobblestone_stairs":2,"minecraft:grass_block":78,"minecraft:jungle_log":64,"minecraft:coal_block":1,"minecraft:mossy_cobblestone_stairs":2,"minecraft:barrel":21,"minecraft:iron_ore":297,"minecraft:fire":1,"minecraft:cobbled_deepslate":2,"minecraft:pumpkin":56,"minecraft:deepslate_lapis_ore":5,"minecraft:anvil":1,"minecraft:dark_oak_stairs":14,"chococraft:gysahl_green":46,"minecraft:skeleton_wall_skull":1,"minecraft:light_gray_concrete":1,"minecraft:deepslate_redstone_ore":14,"minecraft:jungle_door":6,"minecraft:powder_snow":45,"minecraft:torch":18,"minecraft:blast_furnace":3,"minecraft:melon":200,"minecraft:chest":13,"minecraft:cobblestone":2,"minecraft:wall_torch":12,"minecraft:birch_log":6,"minecraft:wheat":14,"minecraft:birch_trapdoor":2,"minecraft:grass":44,"minecraft:oak_log":59,"minecraft:sand":20,"minecraft:dirt":13,"minecraft:smooth_basalt":1,"minecraft:oak_leaves":5,"minecraft:deepslate":412,"minecraft:daylight_detector":1,"minecraft:tuff":75,"minecraft:deepslate_diamond_ore":7,"minecraft:dark_oak_leaves":7,"minecraft:dark_oak_log":4,"minecraft:jungle_planks":1,"minecraft:spruce_leaves":5,"minecraft:hay_block":128,"minecraft:furnace":2,"minecraft:carrots":25,"minecraft:andesite":4,"minecraft:green_terracotta":6,"minecraft:stripped_spruce_log":3,"minecraft:gold_block":3,"minecraft:potatoes":20,"minecraft:deepslate_iron_ore":4,"minecraft:vine":6,"minecraft:bamboo":14,"minecraft:stone":95,"minecraft:scaffolding":3,"minecraft:gray_concrete":2,"minecraft:glass_pane":2,"minecraft:stripped_dark_oak_log":5,"minecraft:crafting_table":15,"minecraft:cornflower":1,"minecraft:tall_grass":10,"minecraft:dried_kelp_block":60,"minecraft:deepslate_gold_ore":1,"minecraft:lapis_ore":1,"minecraft:diorite":2,"minecraft:gray_wool":1,"minecraft:birch_planks":1,"minecraft:spruce_log":13,"minecraft:birch_leaves":1,"minecraft:jungle_fence":5,"minecraft:coal_ore":310,"minecraft:cocoa":2,"minecraft:cobweb":31,"minecraft:stone_bricks":1,"minecraft:polished_andesite":2,"minecraft:mossy_stone_bricks":1,"minecraft:gold_ore":2,"minecraft:fern":1},"minecraft:broken":{"minecraft:wooden_axe":1,"minecraft:iron_pickaxe":2},"minecraft:used":{"minecraft:polished_granite_stairs":1,"minecraft:black_carpet":14,"minecraft:chest":26,"minecraft:iron_sword":86,"minecraft:rotten_flesh":17,"minecraft:iron_chestplate":1,"minecraft:jungle_planks":1,"minecraft:carrot":69,"minecraft:tuff":68,"minecraft:stripped_spruce_log":2,"minecraft:jungle_sapling":6,"minecraft:jungle_fence_gate":2,"minecraft:lantern":1,"minecraft:item_frame":1,"minecraft:birch_trapdoor":2,"minecraft:bow":3,"minecraft:scaffolding":1,"minecraft:furnace":4,"minecraft:oak_sapling":20,"minecraft:cooked_cod":6,"minecraft:skeleton_skull":1,"minecraft:egg":2,"minecraft:potato":49,"minecraft:mossy_stone_bricks":1,"minecraft:dark_oak_sign":1,"minecraft:stone_pickaxe":32,"minecraft:jungle_fence":56,"minecraft:wooden_pickaxe":9,"minecraft:jungle_boat":1,"minecraft:blast_furnace":3,"minecraft:gray_concrete":2,"minecraft:black_bed":1,"minecraft:daylight_detector":1,"minecraft:light_gray_concrete":1,"minecraft:bread":1,"minecraft:melon_slice":86,"minecraft:andesite":1,"chococraft:gysahl_green":108,"minecraft:bone_meal":3,"minecraft:stone_sword":98,"minecraft:spruce_planks":26,"minecraft:wooden_shovel":16,"minecraft:stone_hoe":6,"minecraft:torch":179,"minecraft:dirt":87,"minecraft:mossy_cobblestone_stairs":2,"minecraft:wooden_axe":61,"minecraft:iron_axe":590,"minecraft:iron_boots":1,"minecraft:barrel":1,"minecraft:melon_seeds":5,"minecraft:smooth_basalt":1,"minecraft:bamboo":78,"minecraft:cooked_beef":2,"minecraft:cobbled_deepslate":16,"minecraft:golden_axe":4,"minecraft:iron_leggings":1,"minecraft:wheat_seeds":14,"minecraft:cooked_mutton":5,"minecraft:cobblestone_stairs":2,"minecraft:iron_ore":26,"minecraft:birch_planks":18,"minecraft:polished_andesite":1,"minecraft:polished_blackstone_pressure_plate":1,"minecraft:stripped_dark_oak_log":5,"minecraft:crafting_table":17,"minecraft:white_bed":1,"minecraft:jungle_chest_boat":2,"minecraft:diamond_pickaxe":3,"chococraft:gysahl_green_seeds":45,"minecraft:iron_pickaxe":1227,"minecraft:stone_axe":9,"minecraft:cobblestone":10,"minecraft:jungle_door":6,"minecraft:gray_wool":1},"minecraft:dropped":{"minecraft:cooked_beef":1,"minecraft:dark_oak_sapling":1,"minecraft:jungle_fence":2,"minecraft:dirt":28,"minecraft:jungle_sapling":4,"gravestone:obituary":4,"minecraft:sand":1,"minecraft:cobbled_deepslate":395,"minecraft:rotten_flesh":1,"minecraft:melon_seeds":2,"minecraft:birch_button":1,"minecraft:wheat_seeds":14,"minecraft:cobblestone":11,"minecraft:polished_blackstone_button":1,"minecraft:coal":1,"minecraft:polished_andesite":3,"minecraft:torch":1,"minecraft:iron_axe":1,"minecraft:spruce_sapling":6,"minecraft:kelp":2,"minecraft:stone_sword":1,"minecraft:cocoa_beans":12,"minecraft:spruce_planks":1,"minecraft:diamond_pickaxe":1,"minecraft:oak_sapling":1,"minecraft:bamboo":5,"minecraft:warped_button":1,"minecraft:bow":2,"minecraft:wooden_pickaxe":1,"minecraft:raw_gold":3},"minecraft:custom":{"minecraft:animals_bred":6,"minecraft:interact_with_crafting_table":64,"minecraft:open_barrel":84,"minecraft:leave_game":2,"minecraft:time_since_death":373045,"minecraft:sprint_one_cm":1574423,"minecraft:drop":68,"minecraft:play_time":408860,"minecraft:deaths":2,"minecraft:jump":4320,"minecraft:walk_on_water_one_cm":30179,"minecraft:interact_with_furnace":16,"minecraft:interact_with_loom":1,"minecraft:sleep_in_bed":9,"minecraft:damage_dealt":11559,"minecraft:crouch_one_cm":6094,"minecraft:interact_with_smoker":18,"minecraft:interact_with_smithing_table":1,"minecraft:mob_kills":88,"minecraft:interact_with_anvil":2,"minecraft:climb_one_cm":18809,"minecraft:walk_one_cm":733913,"minecraft:sneak_time":5675,"minecraft:walk_under_water_one_cm":24072,"minecraft:interact_with_blast_furnace":36,"minecraft:total_world_time":408860,"minecraft:time_since_rest":298089,"minecraft:damage_taken":3741,"minecraft:swim_one_cm":256227,"minecraft:fly_one_cm":691076,"minecraft:open_chest":240,"minecraft:fall_one_cm":85781},"minecraft:picked_up":{"minecraft:wooden_axe":1,"chococraft:loverly_gysahl_green":5,"minecraft:wheat":13,"minecraft:black_carpet":14,"minecraft:anvil":1,"minecraft:enchanted_book":3,"minecraft:potion":5,"minecraft:birch_button":1,"minecraft:string":33,"minecraft:dark_oak_pressure_plate":2,"minecraft:cobbled_deepslate":427,"minecraft:spruce_planks":3,"minecraft:iron_pickaxe":2,"minecraft:melon_slice":1054,"minecraft:coal_block":1,"minecraft:furnace":2,"minecraft:stick":38,"minecraft:jungle_door":6,"minecraft:birch_trapdoor":2,"minecraft:torch":125,"minecraft:golden_axe":1,"minecraft:warped_button":1,"minecraft:jungle_chest_boat":1,"minecraft:green_terracotta":6,"minecraft:stone_sword":3,"minecraft:rotten_flesh":56,"minecraft:cobblestone":93,"minecraft:birch_log":6,"minecraft:cooked_beef":1,"minecraft:jungle_log":112,"minecraft:andesite":1,"minecraft:black_bed":1,"minecraft:potato":68,"minecraft:flint":1,"minecraft:tuff":68,"minecraft:gray_concrete":2,"minecraft:lapis_lazuli":40,"minecraft:dirt":115,"minecraft:lantern":1,"minecraft:bone":5,"minecraft:bow":3,"minecraft:wheat_seeds":45,"minecraft:raw_gold":6,"minecraft:dark_oak_sign":1,"minecraft:mossy_stone_bricks":1,"minecraft:bamboo":119,"minecraft:jungle_planks":65,"minecraft:sand":20,"minecraft:stripped_spruce_log":2,"minecraft:dark_oak_log":4,"minecraft:barrel":21,"minecraft:light_gray_concrete":1,"minecraft:polished_andesite":4,"minecraft:diamond":27,"minecraft:polished_blackstone_pressure_plate":1,"minecraft:polished_blackstone_button":1,"minecraft:emerald":12,"minecraft:oak_sapling":22,"minecraft:diamond_pickaxe":1,"minecraft:cocoa_beans":21,"minecraft:crafting_table":16,"minecraft:gold_block":3,"mowziesmobs:glowing_jelly":1,"gravestone:obituary":4,"minecraft:cornflower":1,"minecraft:iron_axe":2,"minecraft:flint_and_steel":2,"minecraft:compass":1,"minecraft:item_frame":1,"minecraft:beef":19,"minecraft:jungle_sapling":10,"minecraft:chest":16,"minecraft:egg":2,"minecraft:dark_oak_sapling":1,"minecraft:raw_iron":303,"minecraft:carrot":94,"minecraft:redstone":64,"minecraft:dark_oak_planks":1,"minecraft:polished_granite_stairs":1,"minecraft:arrow":3,"minecraft:shears":2,"minecraft:hay_block":127,"minecraft:black_banner":2,"minecraft:mutton":7,"minecraft:skeleton_skull":3,"minecraft:white_wool":6,"minecraft:jungle_boat":1,"minecraft:leather":18,"minecraft:jungle_fence":7,"minecraft:birch_planks":1,"minecraft:oak_log":56,"minecraft:cobblestone_stairs":2,"chococraft:chocobo_feather":1,"chococraft:gysahl_green":140,"minecraft:light_blue_banner":2,"minecraft:kelp":2,"minecraft:apple":4,"minecraft:stone_bricks":1,"chococraft:gold_gysahl":1,"minecraft:dark_oak_stairs":14,"minecraft:scaffolding":3,"minecraft:smooth_basalt":1,"minecraft:pumpkin":56,"minecraft:daylight_detector":1,"minecraft:red_banner":4,"chococraft:gysahl_green_seeds":51,"minecraft:spruce_sapling":6,"minecraft:blast_furnace":3,"minecraft:white_bed":1,"minecraft:spruce_log":12,"minecraft:dried_kelp_block":60,"minecraft:mossy_cobblestone_stairs":2,"minecraft:gray_wool":2,"minecraft:stripped_dark_oak_log":5,"minecraft:coal":310,"minecraft:ender_pearl":1},"minecraft:killed_by":{"minecraft:player":1},"minecraft:killed":{"minecraft:spider":3,"minecraft:skeleton":3,"mowziesmobs:lantern":1,"minecraft:sheep":5,"minecraft:zombie":67,"minecraft:cow":9},"minecraft:crafted":{"minecraft:oak_planks":124,"minecraft:jungle_fence_gate":2,"minecraft:melon":112,"minecraft:cooked_mutton":5,"minecraft:glass":19,"minecraft:iron_boots":1,"minecraft:melon_seeds":7,"minecraft:chest":13,"minecraft:stone_hoe":1,"minecraft:wooden_shovel":1,"minecraft:crafting_table":3,"minecraft:spruce_planks":24,"minecraft:jungle_boat":1,"minecraft:wooden_pickaxe":1,"travelersbackpack:standard":1,"minecraft:gold_block":2,"minecraft:birch_planks":24,"minecraft:iron_chestplate":1,"minecraft:diamond_pickaxe":1,"minecraft:stick":90,"minecraft:iron_ingot":304,"minecraft:iron_pickaxe":3,"minecraft:iron_block":31,"minecraft:stone_sword":1,"minecraft:gold_ingot":3,"minecraft:jungle_chest_boat":1,"minecraft:furnace":4,"minecraft:bone_meal":6,"minecraft:diamond_block":2,"travelersbackpack:white_sleeping_bag":1,"minecraft:iron_axe":1,"minecraft:stone_pickaxe":1,"minecraft:redstone_block":11,"minecraft:jungle_fence":66,"minecraft:dark_oak_planks":16,"minecraft:wheat":9,"minecraft:cooked_beef":19,"minecraft:coal_block":20,"travelersbackpack:backpack_tank":2,"minecraft:iron_sword":1,"travelersbackpack:horse":1,"minecraft:stone_axe":1,"minecraft:bread":1,"minecraft:jungle_planks":240,"minecraft:jungle_door":3,"minecraft:wooden_axe":1,"minecraft:iron_leggings":1,"chococraft:chocobo_saddle":1,"minecraft:white_bed":1,"minecraft:torch":116,"minecraft:lapis_block":3}},"DataVersion":3465}