{"stats":{"minecraft:used":{"minecraft:oak_fence":2,"minecraft:stone_sword":47,"minecraft:light_gray_carpet":4,"minecraft:chest":4,"minecraft:cooked_salmon":4,"minecraft:stone_hoe":11,"minecraft:rotten_flesh":4,"travelersbackpack:bat":2,"minecraft:iron_chestplate":1,"minecraft:torch":191,"minecraft:dirt":55,"minecraft:white_carpet":9,"spore:lab_block3":1,"minecraft:spruce_stairs":2,"minecraft:carrot":23,"minecraft:tuff":2,"minecraft:snowball":2,"chococraft:choco_disguise_boots":1,"minecraft:wooden_axe":8,"minecraft:smooth_basalt":1,"minecraft:sweet_berries":22,"minecraft:furnace":4,"minecraft:oak_sapling":7,"minecraft:cobbled_deepslate":132,"minecraft:wheat_seeds":6,"minecraft:water_bucket":4,"minecraft:snow_block":5,"minecraft:stone_pickaxe":246,"minecraft:oak_planks":6,"minecraft:wooden_pickaxe":5,"minecraft:sugar_cane":1,"minecraft:white_wool":1,"minecraft:crafting_table":10,"minecraft:white_bed":1,"minecraft:redstone_torch":1,"chococraft:gysahl_green_seeds":31,"minecraft:bread":10,"minecraft:iron_pickaxe":804,"minecraft:spruce_sapling":3,"minecraft:gravel":9,"minecraft:stone_axe":102,"minecraft:cobblestone":54,"travelersbackpack:standard":4,"minecraft:bucket":5,"minecraft:andesite":11,"chococraft:gysahl_green":93,"minecraft:bone_meal":14},"minecraft:crafted":{"minecraft:oak_planks":124,"minecraft:furnace":2,"minecraft:bone_meal":15,"minecraft:stone_pickaxe":2,"minecraft:chest":3,"minecraft:stone_hoe":1,"minecraft:crafting_table":3,"chococraft:choco_disguise_boots":1,"minecraft:wooden_pickaxe":1,"minecraft:cooked_salmon":6,"minecraft:bucket":2,"minecraft:stone_axe":2,"minecraft:bread":1,"minecraft:air":0,"minecraft:iron_chestplate":1,"minecraft:stick":60,"minecraft:iron_ingot":29,"minecraft:iron_pickaxe":4,"minecraft:wooden_axe":1,"minecraft:stone_sword":1,"minecraft:torch":112},"minecraft:killed_by":{"minecraft:player":1},"minecraft:dropped":{"minecraft:bread":3,"minecraft:wheat_seeds":3,"minecraft:cobblestone":121,"minecraft:amethyst_block":5,"minecraft:granite":20,"travelersbackpack:standard":1,"minecraft:diorite":23,"minecraft:wooden_axe":2,"gravestone:obituary":17,"spore:mutated_heart":1,"minecraft:smooth_basalt":5,"minecraft:cobbled_deepslate":81,"chococraft:chocobo_feather":5,"minecraft:tuff":38,"minecraft:rotten_flesh":4,"travelersbackpack:bat":1,"minecraft:gunpowder":2,"minecraft:andesite":19,"minecraft:arrow":1,"minecraft:stone_pickaxe":1,"minecraft:wooden_pickaxe":1,"minecraft:calcite":6},"minecraft:mined":{"minecraft:tuff":45,"minecraft:granite":10,"gravestone:gravestone":8,"spore:lab_block3":2,"minecraft:grass_block":12,"minecraft:spruce_leaves":3,"minecraft:redstone_ore":1,"minecraft:furnace":2,"minecraft:carrots":7,"minecraft:iron_ore":53,"minecraft:cobbled_deepslate":4,"minecraft:andesite":48,"minecraft:deepslate_lapis_ore":3,"chococraft:gysahl_green":51,"minecraft:deepslate_iron_ore":35,"minecraft:stone":289,"minecraft:white_wool":1,"minecraft:deepslate_redstone_ore":3,"minecraft:light_gray_carpet":4,"minecraft:oak_fence":2,"minecraft:crafting_table":6,"minecraft:torch":9,"minecraft:calcite":6,"minecraft:chest":1,"minecraft:copper_ore":2,"minecraft:cobblestone":5,"minecraft:lapis_ore":2,"minecraft:deepslate_gold_ore":16,"minecraft:oak_planks":11,"minecraft:sugar_cane":2,"minecraft:diorite":23,"minecraft:wall_torch":9,"minecraft:amethyst_block":5,"minecraft:spruce_stairs":2,"minecraft:sweet_berry_bush":8,"minecraft:wheat":4,"minecraft:ice":2,"minecraft:white_carpet":8,"minecraft:spruce_log":7,"minecraft:coal_ore":67,"minecraft:oak_log":31,"minecraft:dirt":44,"minecraft:gravel":24,"minecraft:cobweb":1,"minecraft:smooth_basalt":6,"minecraft:oak_leaves":2,"minecraft:deepslate":410},"minecraft:killed":{"minecraft:skeleton":4,"spore:inf_player":1,"minecraft:salmon":13,"minecraft:creeper":1,"minecraft:sheep":3,"minecraft:zombie":5,"spore:inf_human":3,"minecraft:stray":1,"chococraft:chocobo":1},"minecraft:picked_up":{"minecraft:wooden_axe":1,"spore:mutated_heart":1,"minecraft:crafting_table":7,"chococraft:loverly_gysahl_green":8,"minecraft:wheat":3,"travelersbackpack:bat":1,"spore:lab_block3":1,"gravestone:obituary":9,"minecraft:amethyst_block":5,"minecraft:raw_copper":6,"minecraft:string":3,"minecraft:white_carpet":9,"minecraft:cobbled_deepslate":394,"minecraft:redstone_torch":1,"minecraft:calcite":6,"minecraft:iron_pickaxe":1,"minecraft:chest":1,"minecraft:sugar_cane":9,"minecraft:furnace":2,"minecraft:tipped_arrow":1,"minecraft:raw_iron":87,"minecraft:stick":6,"minecraft:oak_fence":2,"minecraft:torch":19,"minecraft:spruce_stairs":2,"minecraft:diorite":23,"minecraft:carrot":23,"minecraft:redstone":19,"minecraft:arrow":5,"minecraft:rotten_flesh":8,"minecraft:beetroot_seeds":3,"minecraft:mutton":4,"minecraft:snowball":2,"minecraft:white_wool":3,"minecraft:cobblestone":278,"minecraft:salmon":10,"minecraft:andesite":44,"minecraft:flint":3,"minecraft:tuff":40,"minecraft:oak_log":31,"minecraft:gunpowder":2,"minecraft:lapis_lazuli":29,"minecraft:dirt":55,"chococraft:chocobo_feather":12,"minecraft:bone":7,"chococraft:gysahl_green":140,"chococraft:gold_gysahl":2,"minecraft:wheat_seeds":9,"minecraft:raw_gold":16,"minecraft:iron_ingot":1,"spore:mutated_fiber":2,"minecraft:oak_planks":10,"minecraft:smooth_basalt":6,"minecraft:sweet_berries":27,"minecraft:gravel":13,"minecraft:spruce_sapling":3,"chococraft:gysahl_green_seeds":50,"minecraft:white_bed":1,"minecraft:spruce_log":7,"minecraft:spider_eye":1,"travelersbackpack:standard":1,"minecraft:granite":20,"minecraft:bone_meal":1,"minecraft:gray_wool":1,"minecraft:bread":1,"minecraft:oak_sapling":7,"minecraft:light_gray_carpet":7,"minecraft:coal":111},"minecraft:custom":{"minecraft:mob_kills":33,"minecraft:animals_bred":1,"minecraft:interact_with_crafting_table":23,"minecraft:leave_game":1,"minecraft:time_since_death":6985,"minecraft:sprint_one_cm":730415,"minecraft:walk_one_cm":387598,"minecraft:drop":54,"minecraft:talked_to_villager":1,"minecraft:play_time":216905,"minecraft:deaths":10,"minecraft:sneak_time":3883,"minecraft:walk_under_water_one_cm":31262,"minecraft:jump":2061,"minecraft:walk_on_water_one_cm":32612,"minecraft:total_world_time":216905,"minecraft:interact_with_furnace":21,"minecraft:sleep_in_bed":7,"minecraft:time_since_rest":7024,"minecraft:damage_taken":4441,"minecraft:damage_dealt":3916,"minecraft:swim_one_cm":50670,"minecraft:fly_one_cm":370248,"minecraft:open_chest":24,"minecraft:crouch_one_cm":968,"minecraft:fall_one_cm":32843},"minecraft:broken":{"minecraft:stone_pickaxe":1,"minecraft:stone_axe":1,"minecraft:iron_pickaxe":3}},"DataVersion":3465}