{"stats":{"minecraft:broken":{"minecraft:iron_shovel":1,"minecraft:iron_boots":1,"minecraft:iron_chestplate":1,"minecraft:iron_leggings":1,"minecraft:stone_axe":2,"minecraft:stone_shovel":10,"minecraft:stone_sword":1,"minecraft:iron_axe":4,"minecraft:iron_pickaxe":4,"minecraft:iron_helmet":1},"minecraft:killed":{"minecraft:witch":1,"minecraft:spider":9,"minecraft:skeleton":12,"minecraft:chicken":4,"minecraft:pig":65,"minecraft:iron_golem":2,"minecraft:creeper":3,"minecraft:sheep":2,"minecraft:trader_llama":4,"minecraft:zombie":43,"minecraft:cow":3,"minecraft:horse":1,"minecraft:drowned":1,"minecraft:wandering_trader":2},"minecraft:crafted":{"minecraft:oak_planks":708,"minecraft:cobblestone_slab":24,"minecraft:barrel":1,"chococraft:chocobo_whistle":1,"minecraft:cooked_chicken":3,"minecraft:stone":24,"minecraft:cobblestone_stairs":20,"minecraft:bookshelf":1,"minecraft:cooked_mutton":2,"minecraft:chest":4,"minecraft:stone_hoe":1,"minecraft:oak_fence":102,"chococraft:straw":32,"minecraft:oak_slab":6,"minecraft:emerald":34,"minecraft:cooked_porkchop":110,"minecraft:crafting_table":6,"minecraft:wooden_pickaxe":1,"chococraft:chocopedia":1,"minecraft:birch_planks":32,"minecraft:book":2,"minecraft:diamond_pickaxe":1,"minecraft:shield":2,"minecraft:stick":940,"minecraft:iron_ingot":11,"minecraft:iron_pickaxe":3,"minecraft:stone_sword":1,"minecraft:gold_ingot":5,"minecraft:redstone_torch":1,"chococraft:gysahl_green_seeds":64,"chococraft:chocobo_saddle_pack":1,"minecraft:stone_shovel":10,"minecraft:furnace":11,"minecraft:bone_meal":45,"minecraft:flint_and_steel":1,"chococraft:chocobo_saddle_bags":1,"minecraft:iron_axe":2,"chococraft:choco_disguise_leggings":1,"minecraft:stone_pickaxe":3,"minecraft:cooked_beef":1,"minecraft:enchanting_table":1,"chococraft:choco_disguise_boots":1,"minecraft:bucket":1,"minecraft:stone_axe":3,"minecraft:enchanted_book":1,"minecraft:oak_fence_gate":4,"minecraft:oak_boat":2,"minecraft:white_wool":2,"minecraft:oak_stairs":8,"chococraft:choco_disguise_chestplate":1,"minecraft:torch":184,"chococraft:choco_disguise_helmet":1},"minecraft:dropped":{"minecraft:iron_sword":1,"minecraft:acacia_wood":1,"chococraft:loverly_gysahl_green":8,"minecraft:birch_planks":15,"minecraft:porkchop":2,"minecraft:lapis_lazuli":26,"minecraft:crafting_table":2,"minecraft:cooked_porkchop":57,"minecraft:leather":3,"minecraft:rail":4,"minecraft:emerald":54,"minecraft:cobblestone_stairs":6,"minecraft:dirt":188,"minecraft:cornflower":5,"minecraft:mutton":2,"minecraft:netherite_boots":1,"gravestone:obituary":2,"minecraft:bone_meal":2,"minecraft:sunflower":1,"minecraft:iron_pickaxe":1,"minecraft:cauldron":2,"minecraft:bone":1,"minecraft:oak_door":2,"minecraft:gravel":4,"minecraft:stone_axe":1,"minecraft:sugar_cane":1,"minecraft:cooked_chicken":2,"minecraft:cobbled_deepslate":269,"minecraft:wheat":2,"minecraft:pointed_dripstone":37,"minecraft:rotten_flesh":47,"minecraft:oak_planks":68,"chococraft:green_chocobo_spawn_egg":1,"minecraft:azure_bluet":3,"minecraft:carrot":5,"minecraft:poppy":6,"chococraft:chocobo_saddle":1,"minecraft:netherrack":1,"minecraft:egg":1,"minecraft:stone_hoe":1,"minecraft:water_bucket":1,"minecraft:iron_ingot":3,"minecraft:oak_slab":6,"minecraft:wheat_seeds":23,"chococraft:gold_gysahl":1,"minecraft:mossy_cobblestone":5,"minecraft:dripstone_block":23,"minecraft:oak_fence":2,"minecraft:netherite_chestplate":2,"minecraft:golden_axe":1,"minecraft:feather":6,"minecraft:cobblestone":21,"minecraft:apple":2,"chococraft:gysahl_green_seeds":50,"minecraft:granite":7,"minecraft:coal":20,"minecraft:stick":8,"chococraft:chocobo_whistle":2,"minecraft:oxeye_daisy":4,"minecraft:diorite":5,"minecraft:ink_sac":3,"minecraft:torch":9,"minecraft:rose_bush":2,"minecraft:brown_wool":1,"minecraft:diamond_helmet":2,"minecraft:oak_stairs":201,"minecraft:string":2,"minecraft:trapped_chest":1,"minecraft:dandelion":16,"minecraft:furnace":2,"minecraft:bricks":2,"minecraft:raw_copper":10,"chococraft:chocobo_feather":34,"minecraft:tuff":26,"minecraft:raw_iron":27,"minecraft:chicken":4,"minecraft:shield":2,"minecraft:spruce_trapdoor":2,"minecraft:diamond_pickaxe":1,"minecraft:andesite":1,"minecraft:oak_sapling":1,"minecraft:spider_eye":2,"minecraft:barrel":1,"minecraft:stone_pickaxe":3,"minecraft:wooden_pickaxe":2,"minecraft:raw_gold":5,"minecraft:cyan_bed":1,"chococraft:gysahl_green":180,"minecraft:black_wool":1},"minecraft:picked_up":{"chococraft:loverly_gysahl_green":40,"minecraft:iron_chestplate":1,"minecraft:wheat":112,"minecraft:smithing_table":5,"minecraft:lead":8,"minecraft:oak_stairs":231,"minecraft:wither_rose":4,"minecraft:enchanted_book":2,"minecraft:brewing_stand":1,"minecraft:string":30,"minecraft:raw_copper":21,"minecraft:iron_leggings":1,"minecraft:smooth_stone":6,"minecraft:cobbled_deepslate":315,"minecraft:bucket":2,"minecraft:rose_bush":3,"minecraft:cobblestone_slab":2,"minecraft:iron_pickaxe":2,"minecraft:iron_boots":1,"minecraft:furnace":5,"minecraft:stick":59,"minecraft:composter":6,"minecraft:oak_fence":117,"minecraft:torch":112,"minecraft:porkchop":119,"minecraft:golden_axe":1,"minecraft:pointed_dripstone":37,"minecraft:diorite":6,"minecraft:cauldron":5,"minecraft:stone_sword":1,"minecraft:rotten_flesh":107,"minecraft:netherite_chestplate":1,"minecraft:obsidian":35,"minecraft:cobblestone":463,"minecraft:birch_log":8,"minecraft:lilac":1,"minecraft:feather":6,"minecraft:water_bucket":3,"minecraft:andesite":1,"minecraft:brown_wool":1,"minecraft:flint":1,"minecraft:tuff":31,"minecraft:lapis_lazuli":26,"minecraft:dirt":1719,"minecraft:lantern":1,"minecraft:bone":23,"minecraft:bow":2,"minecraft:wheat_seeds":33,"minecraft:raw_gold":10,"minecraft:stone_hoe":2,"minecraft:oak_planks":220,"minecraft:cooked_porkchop":19,"minecraft:jungle_planks":1,"minecraft:sand":5,"minecraft:ink_sac":6,"minecraft:barrel":12,"minecraft:mossy_cobblestone":12,"minecraft:diamond":8,"minecraft:granite":7,"minecraft:bone_meal":4,"minecraft:golden_horse_armor":1,"minecraft:emerald":56,"minecraft:oak_sapling":88,"minecraft:bricks":2,"minecraft:netherrack":3,"minecraft:diamond_pickaxe":1,"minecraft:crafting_table":7,"minecraft:azure_bluet":3,"minecraft:chicken":4,"minecraft:wooden_pickaxe":1,"gravestone:obituary":3,"minecraft:cornflower":4,"minecraft:oak_trapdoor":6,"minecraft:iron_axe":3,"minecraft:beef":6,"minecraft:oak_boat":1,"minecraft:poppy":6,"minecraft:sugar_cane":20,"minecraft:chest":8,"minecraft:spruce_trapdoor":1,"minecraft:egg":5,"minecraft:raw_iron":49,"minecraft:oak_door":14,"minecraft:redstone":41,"minecraft:carrot":1075,"minecraft:arrow":43,"minecraft:jungle_stairs":2,"minecraft:gold_ingot":4,"minecraft:mutton":4,"minecraft:white_wool":4,"minecraft:rail":4,"minecraft:oxeye_daisy":4,"minecraft:leather":26,"minecraft:acacia_wood":4,"minecraft:filled_map":1,"minecraft:birch_planks":12,"chococraft:chocobo_saddle":3,"minecraft:oak_log":279,"minecraft:yellow_bed":1,"minecraft:cobblestone_stairs":40,"minecraft:gunpowder":6,"minecraft:wooden_hoe":1,"minecraft:paper":1,"minecraft:cooked_mutton":1,"chococraft:chocobo_feather":132,"chococraft:gysahl_green":1034,"minecraft:apple":15,"chococraft:gold_gysahl":40,"minecraft:oak_fence_gate":4,"minecraft:iron_ingot":25,"minecraft:cooked_chicken":2,"minecraft:stripped_oak_wood":3,"minecraft:book":29,"minecraft:oak_slab":4,"minecraft:dandelion":32,"minecraft:dripstone_block":26,"minecraft:gravel":4,"chococraft:gysahl_green_seeds":416,"minecraft:blast_furnace":2,"minecraft:white_bed":24,"minecraft:spider_eye":2,"minecraft:diamond_shovel":2,"chococraft:chocobo_whistle":2,"minecraft:iron_helmet":1,"minecraft:cherry_sapling":2,"minecraft:black_wool":1,"minecraft:coal":94,"minecraft:ender_pearl":2,"minecraft:sunflower":1},"minecraft:used":{"minecraft:iron_shovel":246,"minecraft:chest":11,"minecraft:stone":12,"minecraft:rotten_flesh":7,"minecraft:iron_chestplate":1,"minecraft:jungle_planks":1,"minecraft:carrot":535,"minecraft:tuff":5,"minecraft:obsidian":15,"minecraft:lava_bucket":14,"minecraft:lantern":1,"minecraft:iron_helmet":1,"chococraft:straw":32,"minecraft:bow":4,"minecraft:furnace":11,"minecraft:oak_sapling":87,"minecraft:egg":4,"minecraft:stone_pickaxe":147,"minecraft:oak_planks":152,"minecraft:wooden_pickaxe":8,"minecraft:composter":5,"minecraft:sugar_cane":11,"minecraft:blast_furnace":2,"minecraft:dripstone_block":3,"minecraft:redstone_torch":1,"minecraft:string":4,"minecraft:smithing_table":4,"chococraft:gysahl_green":170,"minecraft:oak_boat":2,"minecraft:bone_meal":45,"minecraft:oak_fence":197,"minecraft:stone_sword":132,"chococraft:choco_disguise_leggings":1,"minecraft:flint_and_steel":8,"minecraft:stone_shovel":1320,"minecraft:stone_hoe":91,"minecraft:cooked_chicken":3,"minecraft:netherrack":2,"minecraft:oak_door":12,"minecraft:torch":295,"minecraft:dirt":1212,"chococraft:choco_disguise_helmet":1,"minecraft:diamond_helmet":2,"minecraft:oak_fence_gate":8,"minecraft:bookshelf":1,"minecraft:iron_axe":891,"minecraft:oak_stairs":17,"minecraft:iron_boots":1,"minecraft:barrel":7,"minecraft:acacia_wood":2,"minecraft:cooked_beef":1,"minecraft:cobbled_deepslate":30,"minecraft:golden_axe":2,"minecraft:iron_leggings":1,"minecraft:wheat_seeds":1,"minecraft:water_bucket":30,"minecraft:cobblestone_stairs":38,"minecraft:birch_planks":18,"minecraft:lead":1,"minecraft:cobblestone_slab":18,"minecraft:crafting_table":9,"minecraft:white_bed":23,"minecraft:oak_log":105,"minecraft:diamond_pickaxe":31,"minecraft:apple":1,"chococraft:gysahl_green_seeds":366,"minecraft:iron_pickaxe":981,"minecraft:jungle_stairs":2,"minecraft:stone_axe":275,"minecraft:cobblestone":229,"minecraft:cooked_porkchop":79,"minecraft:bucket":44,"minecraft:yellow_bed":1},"minecraft:killed_by":{"minecraft:player":2},"minecraft:custom":{"minecraft:animals_bred":125,"minecraft:interact_with_crafting_table":80,"minecraft:leave_game":4,"minecraft:time_since_death":418639,"minecraft:sprint_one_cm":2558359,"minecraft:drop":342,"minecraft:talked_to_villager":55,"minecraft:play_time":812365,"minecraft:deaths":3,"minecraft:jump":6706,"minecraft:walk_on_water_one_cm":69499,"minecraft:interact_with_furnace":34,"minecraft:traded_with_villager":36,"minecraft:sleep_in_bed":44,"minecraft:damage_dealt":22915,"minecraft:crouch_one_cm":13072,"minecraft:interact_with_smithing_table":2,"minecraft:mob_kills":163,"minecraft:climb_one_cm":3762,"minecraft:walk_one_cm":2205434,"minecraft:sneak_time":5617,"minecraft:walk_under_water_one_cm":44273,"minecraft:interact_with_blast_furnace":2,"minecraft:total_world_time":812365,"minecraft:time_since_rest":14447,"minecraft:damage_taken":9966,"minecraft:swim_one_cm":52608,"minecraft:fly_one_cm":1265278,"minecraft:open_chest":172,"minecraft:fall_one_cm":196653},"minecraft:mined":{"minecraft:white_bed":21,"minecraft:oak_sapling":15,"minecraft:cobblestone_stairs":40,"minecraft:obsidian":21,"minecraft:grass_block":1250,"minecraft:composter":6,"minecraft:oxeye_daisy":4,"minecraft:smooth_stone":6,"minecraft:tall_seagrass":5,"minecraft:cobbled_deepslate":7,"minecraft:iron_ore":28,"minecraft:fire":1,"minecraft:barrel":7,"minecraft:deepslate_lapis_ore":1,"minecraft:azure_bluet":4,"chococraft:gysahl_green":327,"minecraft:pointed_dripstone":1,"minecraft:water_cauldron":3,"minecraft:dirt_path":57,"minecraft:oak_stairs":131,"minecraft:tripwire":4,"minecraft:deepslate_redstone_ore":11,"minecraft:torch":34,"minecraft:jungle_stairs":2,"minecraft:blast_furnace":3,"minecraft:poppy":2,"minecraft:chest":8,"minecraft:cobblestone":148,"minecraft:bricks":2,"minecraft:sugar_cane":12,"minecraft:oak_planks":93,"minecraft:wall_torch":26,"minecraft:seagrass":1,"minecraft:birch_log":8,"minecraft:wheat":1,"minecraft:stripped_oak_wood":3,"minecraft:grass":133,"minecraft:oak_log":281,"minecraft:oak_fence_gate":4,"minecraft:sand":5,"minecraft:dirt":421,"minecraft:netherrack":4,"minecraft:oak_leaves":152,"minecraft:deepslate":326,"minecraft:tuff":30,"minecraft:mossy_cobblestone":12,"minecraft:deepslate_diamond_ore":8,"minecraft:oak_door":9,"minecraft:glow_lichen":1,"gravestone:gravestone":1,"minecraft:jungle_planks":1,"minecraft:oak_trapdoor":10,"minecraft:furnace":4,"minecraft:carrots":309,"minecraft:acacia_wood":4,"minecraft:andesite":1,"minecraft:bell":1,"minecraft:bookshelf":5,"minecraft:cobblestone_slab":2,"minecraft:deepslate_iron_ore":18,"minecraft:vine":2,"minecraft:lantern":1,"minecraft:stripped_oak_log":1,"minecraft:stone":327,"minecraft:smithing_table":4,"minecraft:oak_slab":4,"minecraft:glass_pane":3,"minecraft:dandelion":6,"minecraft:oak_fence":116,"minecraft:crafting_table":4,"minecraft:cornflower":1,"minecraft:rose_bush":3,"minecraft:tall_grass":8,"minecraft:copper_ore":3,"minecraft:lapis_ore":3,"minecraft:deepslate_gold_ore":10,"minecraft:diorite":6,"minecraft:birch_planks":11,"minecraft:yellow_bed":1,"minecraft:coal_ore":58,"minecraft:gravel":6,"minecraft:dripstone_block":6}},"DataVersion":3465}