{"stats":{"minecraft:dropped":{"minecraft:brown_mushroom":4,"minecraft:cooked_beef":1,"minecraft:dark_oak_sapling":1,"minecraft:jungle_fence":2,"minecraft:item_frame":3,"minecraft:dirt":44,"minecraft:dark_oak_fence":5,"minecraft:jungle_sapling":4,"gravestone:obituary":4,"minecraft:sunflower":1,"minecraft:sand":1,"minecraft:cobbled_deepslate":395,"minecraft:wheat":2,"minecraft:rotten_flesh":1,"minecraft:light_gray_carpet":5,"minecraft:honey_bottle":16,"minecraft:melon_seeds":2,"minecraft:acacia_sapling":3,"minecraft:birch_button":1,"minecraft:polished_granite":1,"minecraft:egg":1,"minecraft:wheat_seeds":17,"minecraft:cobblestone":13,"mowziesmobs:umvuthana_mask_fear":1,"minecraft:polished_blackstone_button":1,"minecraft:coal":1,"chococraft:chocobo_whistle":1,"minecraft:polished_andesite":3,"minecraft:torch":1,"minecraft:iron_axe":1,"minecraft:spruce_sapling":6,"minecraft:kelp":2,"minecraft:stone_sword":1,"minecraft:cocoa_beans":12,"minecraft:bowl":3,"minecraft:hay_block":24,"minecraft:spruce_planks":1,"minecraft:diamond_pickaxe":1,"minecraft:oak_sapling":1,"minecraft:warped_button":1,"minecraft:bamboo":5,"minecraft:bow":2,"minecraft:wooden_pickaxe":1,"minecraft:raw_gold":3},"minecraft:mined":{"minecraft:dark_oak_planks":1,"minecraft:spruce_planks":4,"minecraft:white_bed":2,"minecraft:cobblestone_stairs":2,"minecraft:jungle_leaves":35,"minecraft:acacia_log":5,"minecraft:grass_block":142,"minecraft:jungle_log":64,"minecraft:coal_block":1,"minecraft:deepslate_tile_stairs":1,"minecraft:potted_fern":1,"minecraft:glowstone":40,"minecraft:mossy_cobblestone_stairs":3,"minecraft:cobbled_deepslate":2,"minecraft:iron_ore":297,"minecraft:fire":6,"minecraft:barrel":21,"minecraft:pumpkin":56,"minecraft:deepslate_lapis_ore":5,"minecraft:anvil":1,"minecraft:dark_oak_stairs":14,"minecraft:smooth_red_sandstone":1,"chococraft:gysahl_green":57,"minecraft:skeleton_wall_skull":1,"minecraft:light_gray_concrete":1,"minecraft:deepslate_redstone_ore":14,"minecraft:soul_wall_torch":1,"minecraft:jungle_door":6,"minecraft:deepslate_tile_slab":1,"minecraft:powder_snow":45,"minecraft:torch":20,"minecraft:blast_furnace":5,"minecraft:melon":200,"minecraft:chest":14,"minecraft:cobblestone":2,"minecraft:sugar_cane":6,"minecraft:wall_torch":13,"minecraft:dark_oak_slab":1,"minecraft:birch_log":6,"minecraft:wheat":34,"minecraft:birch_trapdoor":3,"minecraft:grass":74,"minecraft:oak_log":59,"minecraft:beetroots":7,"minecraft:sand":20,"minecraft:dirt":49,"minecraft:smooth_basalt":1,"minecraft:oak_leaves":5,"minecraft:daylight_detector":1,"minecraft:deepslate":412,"minecraft:redstone_lamp":1,"minecraft:deepslate_tiles":5,"minecraft:tuff":75,"minecraft:mossy_cobblestone":1,"minecraft:dark_oak_leaves":7,"minecraft:deepslate_diamond_ore":14,"minecraft:dark_oak_log":4,"minecraft:dark_oak_fence":6,"minecraft:jungle_planks":6,"minecraft:stripped_jungle_wood":46,"minecraft:spruce_leaves":5,"minecraft:hay_block":174,"minecraft:furnace":2,"minecraft:carrots":41,"minecraft:acacia_wood":1,"minecraft:green_terracotta":6,"minecraft:andesite":4,"minecraft:stripped_spruce_log":3,"minecraft:gold_block":6,"minecraft:bookshelf":16,"minecraft:potatoes":52,"minecraft:deepslate_iron_ore":4,"minecraft:vine":6,"minecraft:bamboo":14,"minecraft:stone":106,"minecraft:scaffolding":3,"minecraft:redstone_block":6,"minecraft:gray_concrete":2,"minecraft:glass_pane":2,"minecraft:stripped_dark_oak_log":5,"minecraft:polished_granite":1,"minecraft:crafting_table":20,"minecraft:cornflower":1,"minecraft:tall_grass":13,"minecraft:smooth_red_sandstone_slab":3,"minecraft:deepslate_coal_ore":4,"minecraft:dried_kelp_block":60,"minecraft:deepslate_gold_ore":3,"minecraft:lapis_ore":1,"minecraft:diorite":2,"minecraft:gray_wool":1,"minecraft:birch_planks":1,"minecraft:red_terracotta":3,"minecraft:spruce_log":13,"minecraft:birch_leaves":1,"minecraft:jungle_fence":5,"minecraft:coal_ore":311,"minecraft:cocoa":2,"minecraft:cobweb":31,"minecraft:stone_bricks":1,"minecraft:polished_andesite":2,"minecraft:mossy_stone_bricks":1,"minecraft:gold_ore":4,"minecraft:deepslate_emerald_ore":4,"minecraft:fern":2},"minecraft:picked_up":{"minecraft:wooden_axe":1,"chococraft:loverly_gysahl_green":6,"minecraft:black_carpet":14,"minecraft:wheat":34,"minecraft:redstone_block":6,"minecraft:anvil":1,"minecraft:potion":5,"minecraft:enchanted_book":4,"minecraft:birch_button":1,"minecraft:dark_oak_pressure_plate":2,"minecraft:string":33,"minecraft:experience_bottle":1,"minecraft:beetroot":6,"minecraft:deepslate_tiles":5,"minecraft:cobbled_deepslate":427,"minecraft:spruce_planks":3,"minecraft:iron_pickaxe":3,"minecraft:melon_slice":1054,"minecraft:coal_block":1,"minecraft:furnace":2,"minecraft:stick":39,"minecraft:jungle_door":6,"minecraft:birch_trapdoor":3,"minecraft:torch":128,"minecraft:acacia_log":5,"minecraft:golden_axe":1,"minecraft:warped_button":1,"minecraft:jungle_chest_boat":3,"minecraft:deepslate_tile_stairs":1,"minecraft:green_terracotta":6,"minecraft:stone_sword":3,"minecraft:honey_bottle":16,"minecraft:rotten_flesh":62,"minecraft:cobblestone":104,"minecraft:birch_log":6,"minecraft:feather":6,"minecraft:cooked_beef":1,"minecraft:andesite":1,"minecraft:jungle_log":112,"minecraft:black_bed":1,"minecraft:potato":190,"minecraft:flint":1,"minecraft:tuff":68,"minecraft:gray_concrete":2,"minecraft:lapis_lazuli":40,"minecraft:dirt":237,"minecraft:lantern":1,"minecraft:polished_granite":1,"minecraft:bone":5,"minecraft:bow":3,"minecraft:wheat_seeds":99,"minecraft:raw_gold":10,"minecraft:dark_oak_sign":1,"minecraft:mossy_stone_bricks":1,"minecraft:glowstone_dust":112,"minecraft:bamboo":119,"minecraft:jungle_planks":66,"minecraft:sand":20,"minecraft:stripped_spruce_log":2,"minecraft:dark_oak_log":4,"minecraft:barrel":21,"minecraft:mossy_cobblestone":1,"minecraft:light_gray_concrete":1,"minecraft:polished_andesite":4,"minecraft:diamond":34,"minecraft:polished_blackstone_pressure_plate":1,"waystones:waystone":5,"minecraft:polished_blackstone_button":1,"minecraft:crossbow":2,"minecraft:emerald":19,"minecraft:bread":2,"minecraft:oak_sapling":22,"minecraft:light_gray_carpet":5,"minecraft:dark_oak_fence":10,"minecraft:diamond_pickaxe":1,"minecraft:cocoa_beans":21,"minecraft:crafting_table":21,"minecraft:rabbit_stew":1,"minecraft:redstone_lamp":1,"minecraft:brown_mushroom":2,"mowziesmobs:glowing_jelly":1,"minecraft:gold_block":6,"gravestone:obituary":4,"minecraft:cornflower":1,"minecraft:iron_axe":2,"minecraft:flint_and_steel":2,"minecraft:item_frame":4,"minecraft:compass":1,"minecraft:beef":19,"minecraft:jungle_sapling":12,"minecraft:sugar_cane":11,"minecraft:chest":17,"minecraft:egg":5,"minecraft:dark_oak_sapling":1,"minecraft:raw_iron":303,"minecraft:carrot":161,"minecraft:redstone":64,"minecraft:dark_oak_planks":1,"minecraft:polished_granite_stairs":1,"minecraft:arrow":3,"minecraft:pumpkin_pie":1,"minecraft:beetroot_seeds":15,"minecraft:shears":2,"minecraft:hay_block":173,"mowziesmobs:umvuthana_mask_bliss":1,"minecraft:black_banner":2,"minecraft:mutton":7,"minecraft:skeleton_skull":3,"minecraft:white_wool":6,"minecraft:jungle_boat":1,"minecraft:leather":18,"minecraft:jungle_fence":7,"minecraft:acacia_wood":1,"minecraft:birch_planks":1,"minecraft:oak_log":56,"minecraft:cobblestone_stairs":2,"minecraft:deepslate_tile_slab":2,"minecraft:white_banner":3,"chococraft:chocobo_feather":2,"minecraft:light_blue_banner":2,"chococraft:gysahl_green":169,"minecraft:apple":4,"minecraft:stone_bricks":1,"chococraft:gold_gysahl":2,"minecraft:kelp":2,"minecraft:cooked_chicken":2,"minecraft:acacia_sapling":3,"minecraft:dark_oak_stairs":14,"minecraft:book":50,"minecraft:scaffolding":3,"minecraft:dark_oak_slab":2,"minecraft:smooth_basalt":1,"minecraft:pumpkin":56,"minecraft:daylight_detector":1,"minecraft:spruce_sapling":6,"chococraft:gysahl_green_seeds":61,"minecraft:soul_torch":1,"minecraft:red_banner":4,"minecraft:blast_furnace":5,"minecraft:white_bed":2,"minecraft:spruce_log":12,"minecraft:dried_kelp_block":60,"chococraft:chocobo_whistle":1,"minecraft:stripped_jungle_wood":45,"minecraft:mossy_cobblestone_stairs":3,"minecraft:gray_wool":2,"mowziesmobs:umvuthana_mask_fear":2,"minecraft:baked_potato":1,"minecraft:stripped_dark_oak_log":5,"minecraft:coal":315,"minecraft:sunflower":1,"minecraft:ender_pearl":3},"minecraft:broken":{"mowziesmobs:umvuthana_mask_fury":1,"minecraft:wooden_axe":1,"minecraft:crossbow":1,"minecraft:iron_axe":1,"minecraft:iron_pickaxe":2},"minecraft:killed_by":{"minecraft:player":1},"minecraft:killed":{"minecraft:spider":3,"minecraft:skeleton":3,"mowziesmobs:umvuthana_crane":1,"minecraft:sheep":5,"mowziesmobs:lantern":1,"minecraft:pillager":5,"minecraft:zombie":68,"minecraft:cow":9,"mowziesmobs:umvuthana":6},"minecraft:used":{"minecraft:polished_granite_stairs":1,"minecraft:black_carpet":14,"minecraft:chest":26,"minecraft:iron_sword":93,"minecraft:stripped_jungle_wood":20,"minecraft:rotten_flesh":17,"minecraft:iron_chestplate":1,"minecraft:jungle_planks":35,"minecraft:carrot":79,"minecraft:deepslate_tile_slab":2,"minecraft:tuff":68,"minecraft:stripped_spruce_log":2,"minecraft:jungle_sapling":6,"minecraft:lava_bucket":2,"minecraft:jungle_fence_gate":2,"minecraft:lantern":1,"minecraft:dark_oak_slab":2,"minecraft:item_frame":1,"minecraft:rabbit_stew":1,"minecraft:birch_trapdoor":2,"minecraft:bow":3,"minecraft:scaffolding":1,"minecraft:oak_sapling":20,"minecraft:furnace":4,"minecraft:cooked_cod":33,"minecraft:beetroot_seeds":6,"minecraft:skeleton_skull":1,"minecraft:egg":4,"minecraft:potato":84,"minecraft:mossy_stone_bricks":1,"minecraft:stone_pickaxe":32,"minecraft:dark_oak_sign":1,"minecraft:jungle_fence":56,"minecraft:wooden_pickaxe":9,"minecraft:jungle_boat":1,"minecraft:mushroom_stew":2,"minecraft:blast_furnace":5,"minecraft:gray_concrete":2,"minecraft:black_bed":1,"minecraft:deepslate_tiles":5,"waystones:waystone":4,"minecraft:daylight_detector":1,"minecraft:melon_slice":100,"minecraft:light_gray_concrete":1,"minecraft:bread":16,"minecraft:andesite":1,"chococraft:gysahl_green":143,"minecraft:air":1,"minecraft:bone_meal":3,"minecraft:stone_sword":98,"minecraft:spruce_planks":26,"minecraft:wooden_shovel":34,"minecraft:cooked_chicken":2,"minecraft:stone_hoe":6,"minecraft:torch":198,"minecraft:dirt":151,"minecraft:mossy_cobblestone_stairs":3,"minecraft:wooden_axe":61,"minecraft:iron_axe":727,"minecraft:iron_boots":1,"minecraft:melon_seeds":5,"minecraft:barrel":1,"minecraft:smooth_basalt":1,"minecraft:bamboo":78,"minecraft:acacia_wood":1,"minecraft:cooked_beef":2,"minecraft:cobbled_deepslate":16,"minecraft:acacia_planks":6,"minecraft:golden_axe":4,"minecraft:iron_leggings":1,"minecraft:wheat_seeds":34,"minecraft:cooked_mutton":5,"minecraft:water_bucket":3,"minecraft:iron_ore":26,"minecraft:cobblestone_stairs":2,"minecraft:birch_planks":18,"minecraft:polished_andesite":1,"minecraft:baked_potato":1,"minecraft:polished_blackstone_pressure_plate":1,"minecraft:mossy_cobblestone":1,"minecraft:stripped_dark_oak_log":5,"minecraft:crafting_table":22,"minecraft:white_bed":3,"minecraft:jungle_chest_boat":3,"minecraft:diamond_pickaxe":12,"chococraft:gysahl_green_seeds":55,"minecraft:iron_pickaxe":1288,"minecraft:stone_axe":9,"minecraft:cobblestone":18,"minecraft:jungle_door":6,"minecraft:bucket":5,"minecraft:pumpkin_pie":1,"minecraft:gray_wool":1},"minecraft:custom":{"minecraft:animals_bred":6,"minecraft:interact_with_crafting_table":75,"minecraft:open_barrel":158,"minecraft:leave_game":5,"minecraft:time_since_death":552967,"minecraft:sprint_one_cm":2185839,"minecraft:drop":94,"minecraft:talked_to_villager":6,"minecraft:play_time":588782,"minecraft:deaths":2,"minecraft:jump":6460,"minecraft:walk_on_water_one_cm":39261,"minecraft:interact_with_furnace":17,"minecraft:traded_with_villager":1,"minecraft:interact_with_loom":1,"minecraft:sleep_in_bed":23,"minecraft:waystone_activated":5,"minecraft:damage_dealt":13730,"minecraft:crouch_one_cm":14888,"minecraft:interact_with_smoker":18,"minecraft:interact_with_smithing_table":1,"minecraft:interact_with_anvil":2,"minecraft:mob_kills":103,"minecraft:damage_dealt_resisted":63,"minecraft:climb_one_cm":20120,"minecraft:walk_one_cm":1043041,"minecraft:sneak_time":12824,"minecraft:walk_under_water_one_cm":27075,"minecraft:interact_with_blast_furnace":37,"minecraft:total_world_time":588782,"minecraft:time_since_rest":1006,"minecraft:damage_taken":6322,"minecraft:swim_one_cm":317032,"minecraft:fly_one_cm":1130024,"minecraft:open_chest":370,"minecraft:fall_one_cm":137583},"minecraft:crafted":{"minecraft:oak_planks":124,"minecraft:jungle_fence_gate":2,"chococraft:chocobo_whistle":1,"minecraft:melon":112,"minecraft:slime_block":1,"minecraft:cooked_mutton":5,"minecraft:glass":19,"minecraft:iron_boots":1,"minecraft:melon_seeds":7,"minecraft:chest":13,"minecraft:stone_hoe":1,"minecraft:wooden_shovel":1,"minecraft:emerald":1,"minecraft:crafting_table":3,"minecraft:spruce_planks":48,"minecraft:jungle_boat":1,"minecraft:wooden_pickaxe":1,"travelersbackpack:standard":1,"minecraft:gold_block":2,"minecraft:hay_block":3,"minecraft:birch_planks":24,"minecraft:iron_chestplate":1,"minecraft:diamond_pickaxe":1,"minecraft:emerald_block":3,"minecraft:stick":90,"minecraft:iron_ingot":304,"minecraft:iron_pickaxe":3,"minecraft:iron_block":31,"minecraft:stone_sword":1,"minecraft:gold_ingot":3,"minecraft:jungle_chest_boat":1,"minecraft:furnace":4,"minecraft:mushroom_stew":2,"minecraft:bone_meal":6,"minecraft:diamond_block":4,"travelersbackpack:white_sleeping_bag":1,"minecraft:iron_axe":1,"minecraft:slime_ball":9,"minecraft:stone_pickaxe":1,"minecraft:redstone_block":11,"minecraft:jungle_fence":66,"minecraft:dark_oak_planks":16,"minecraft:wheat":9,"minecraft:cooked_beef":19,"minecraft:coal_block":20,"travelersbackpack:backpack_tank":2,"minecraft:iron_sword":1,"minecraft:bowl":4,"travelersbackpack:horse":1,"minecraft:stone_axe":1,"minecraft:bread":1,"minecraft:jungle_planks":240,"minecraft:jungle_door":3,"minecraft:wooden_axe":1,"minecraft:iron_leggings":1,"chococraft:chocobo_saddle":1,"minecraft:white_bed":1,"minecraft:acacia_planks":20,"minecraft:torch":116,"minecraft:lapis_block":3}},"DataVersion":3465}