{"stats":{"minecraft:used":{"minecraft:oak_fence":2,"minecraft:stone_sword":47,"minecraft:light_gray_carpet":4,"minecraft:chest":4,"minecraft:cooked_salmon":6,"minecraft:stone_hoe":11,"minecraft:rotten_flesh":4,"travelersbackpack:bat":4,"minecraft:iron_chestplate":1,"minecraft:torch":203,"minecraft:dirt":61,"minecraft:white_carpet":9,"spore:lab_block3":1,"minecraft:spruce_stairs":2,"minecraft:carrot":23,"minecraft:tuff":2,"minecraft:granite":18,"minecraft:snowball":2,"chococraft:choco_disguise_boots":1,"minecraft:wooden_axe":8,"minecraft:melon_seeds":1,"minecraft:smooth_basalt":1,"minecraft:sweet_berries":38,"minecraft:furnace":4,"minecraft:oak_sapling":7,"minecraft:cobbled_deepslate":132,"minecraft:wheat_seeds":6,"minecraft:water_bucket":36,"minecraft:diorite":13,"minecraft:snow_block":5,"minecraft:stone_pickaxe":246,"minecraft:oak_planks":6,"minecraft:wooden_pickaxe":5,"minecraft:sugar_cane":1,"minecraft:white_wool":1,"minecraft:crafting_table":10,"minecraft:white_bed":2,"minecraft:redstone_torch":1,"minecraft:wooden_hoe":2,"chococraft:gysahl_green_seeds":31,"minecraft:bread":11,"minecraft:iron_pickaxe":1101,"minecraft:spruce_sapling":3,"minecraft:gravel":17,"minecraft:stone_axe":129,"minecraft:cobblestone":104,"travelersbackpack:standard":4,"minecraft:bucket":39,"minecraft:andesite":13,"chococraft:gysahl_green":93,"minecraft:bone_meal":16},"minecraft:crafted":{"minecraft:oak_planks":124,"minecraft:furnace":2,"minecraft:bone_meal":15,"minecraft:stone_pickaxe":2,"minecraft:chest":3,"minecraft:stone_hoe":1,"minecraft:crafting_table":3,"chococraft:choco_disguise_boots":1,"minecraft:wooden_pickaxe":1,"minecraft:cooked_salmon":10,"minecraft:bucket":2,"minecraft:stone_axe":2,"minecraft:bread":1,"minecraft:air":0,"minecraft:wooden_hoe":1,"minecraft:iron_chestplate":1,"minecraft:stick":68,"minecraft:iron_ingot":52,"minecraft:iron_pickaxe":5,"minecraft:wooden_axe":1,"minecraft:stone_sword":1,"minecraft:torch":128},"minecraft:killed_by":{"minecraft:player":1},"minecraft:dropped":{"minecraft:bread":3,"minecraft:wheat_seeds":3,"minecraft:cobblestone":121,"minecraft:amethyst_block":5,"minecraft:granite":25,"travelersbackpack:standard":1,"minecraft:diorite":44,"minecraft:wooden_axe":2,"gravestone:obituary":21,"spore:mutated_heart":1,"minecraft:smooth_basalt":5,"minecraft:cobbled_deepslate":81,"chococraft:chocobo_feather":5,"minecraft:tuff":38,"minecraft:rotten_flesh":4,"travelersbackpack:bat":1,"minecraft:gunpowder":2,"minecraft:andesite":29,"minecraft:arrow":1,"minecraft:stone_pickaxe":1,"minecraft:wooden_pickaxe":1,"minecraft:calcite":6},"minecraft:mined":{"minecraft:tuff":45,"minecraft:white_bed":1,"minecraft:farmland":1,"minecraft:granite":37,"gravestone:gravestone":11,"spore:lab_block3":2,"minecraft:grass_block":12,"minecraft:spruce_leaves":3,"minecraft:redstone_ore":1,"minecraft:furnace":2,"minecraft:carrots":7,"minecraft:iron_ore":53,"minecraft:cobbled_deepslate":4,"minecraft:andesite":55,"minecraft:deepslate_lapis_ore":3,"chococraft:gysahl_green":51,"minecraft:deepslate_iron_ore":35,"minecraft:stone":410,"minecraft:white_wool":1,"minecraft:deepslate_redstone_ore":3,"minecraft:light_gray_carpet":4,"minecraft:oak_fence":2,"minecraft:crafting_table":7,"minecraft:torch":10,"minecraft:calcite":6,"minecraft:chest":1,"minecraft:copper_ore":6,"minecraft:cobblestone":49,"minecraft:lapis_ore":4,"minecraft:deepslate_gold_ore":16,"minecraft:oak_planks":11,"minecraft:sugar_cane":2,"minecraft:diorite":58,"minecraft:wall_torch":11,"minecraft:amethyst_block":5,"minecraft:spruce_stairs":2,"minecraft:sweet_berry_bush":10,"minecraft:wheat":4,"minecraft:ice":2,"minecraft:white_carpet":8,"minecraft:spruce_log":7,"minecraft:coal_ore":67,"minecraft:oak_log":31,"minecraft:dirt":49,"minecraft:gravel":32,"minecraft:cobweb":1,"minecraft:smooth_basalt":6,"minecraft:oak_leaves":2,"minecraft:deepslate":460},"minecraft:killed":{"minecraft:skeleton":4,"spore:inf_player":1,"spore:inf_wanderer":1,"minecraft:salmon":13,"minecraft:creeper":1,"minecraft:sheep":3,"minecraft:zombie":5,"spore:inf_human":3,"minecraft:stray":1,"chococraft:chocobo":1},"minecraft:picked_up":{"minecraft:wooden_axe":1,"spore:mutated_heart":1,"minecraft:crafting_table":8,"chococraft:loverly_gysahl_green":8,"minecraft:wheat":3,"travelersbackpack:bat":1,"spore:lab_block3":1,"gravestone:obituary":10,"minecraft:amethyst_block":5,"minecraft:raw_copper":22,"minecraft:string":3,"minecraft:white_carpet":9,"minecraft:cobbled_deepslate":441,"minecraft:redstone_torch":1,"minecraft:calcite":6,"minecraft:iron_pickaxe":1,"minecraft:chest":1,"minecraft:sugar_cane":9,"minecraft:furnace":2,"minecraft:tipped_arrow":1,"minecraft:raw_iron":87,"minecraft:stick":6,"minecraft:oak_fence":2,"minecraft:torch":22,"minecraft:spruce_stairs":2,"minecraft:diorite":57,"minecraft:carrot":23,"minecraft:redstone":19,"minecraft:arrow":5,"minecraft:rotten_flesh":8,"minecraft:beetroot_seeds":3,"minecraft:mutton":4,"minecraft:snowball":2,"minecraft:white_wool":3,"minecraft:cobblestone":438,"minecraft:salmon":10,"minecraft:andesite":53,"minecraft:flint":3,"minecraft:tuff":40,"minecraft:oak_log":31,"minecraft:gunpowder":2,"minecraft:lapis_lazuli":42,"minecraft:dirt":60,"chococraft:chocobo_feather":12,"minecraft:bone":7,"chococraft:gysahl_green":140,"chococraft:gold_gysahl":2,"minecraft:wheat_seeds":9,"minecraft:raw_gold":16,"minecraft:iron_ingot":1,"spore:mutated_fiber":2,"minecraft:oak_planks":10,"minecraft:smooth_basalt":6,"minecraft:sweet_berries":30,"minecraft:gravel":21,"minecraft:spruce_sapling":3,"chococraft:gysahl_green_seeds":50,"minecraft:white_bed":2,"minecraft:spruce_log":7,"minecraft:spider_eye":1,"travelersbackpack:standard":1,"minecraft:granite":43,"minecraft:bone_meal":1,"minecraft:gray_wool":1,"minecraft:bread":1,"minecraft:oak_sapling":7,"minecraft:light_gray_carpet":7,"minecraft:coal":111},"minecraft:custom":{"minecraft:mob_kills":36,"minecraft:animals_bred":1,"minecraft:interact_with_crafting_table":26,"minecraft:leave_game":2,"minecraft:time_since_death":2996,"minecraft:sprint_one_cm":736182,"minecraft:walk_one_cm":431815,"minecraft:drop":79,"minecraft:talked_to_villager":1,"minecraft:play_time":256580,"minecraft:deaths":13,"minecraft:sneak_time":8709,"minecraft:walk_under_water_one_cm":100774,"minecraft:jump":2256,"minecraft:walk_on_water_one_cm":47315,"minecraft:total_world_time":256580,"minecraft:interact_with_furnace":36,"minecraft:sleep_in_bed":8,"minecraft:time_since_rest":3056,"minecraft:damage_taken":5836,"minecraft:damage_dealt":5156,"minecraft:swim_one_cm":58536,"minecraft:fly_one_cm":371061,"minecraft:open_chest":36,"minecraft:crouch_one_cm":1662,"minecraft:fall_one_cm":40403},"minecraft:broken":{"minecraft:stone_pickaxe":1,"minecraft:stone_axe":1,"minecraft:iron_pickaxe":4}},"DataVersion":3465}