{"stats":{"minecraft:used":{"minecraft:oak_fence":2,"minecraft:wheat_seeds":6,"minecraft:stone_sword":16,"minecraft:stone_pickaxe":218,"minecraft:oak_planks":6,"minecraft:light_gray_carpet":4,"minecraft:chest":2,"minecraft:wooden_pickaxe":5,"minecraft:sugar_cane":1,"minecraft:stone_hoe":11,"travelersbackpack:bat":1,"minecraft:rotten_flesh":4,"minecraft:iron_chestplate":1,"minecraft:torch":157,"minecraft:dirt":11,"minecraft:white_carpet":9,"minecraft:crafting_table":4,"minecraft:carrot":21,"minecraft:snowball":2,"chococraft:choco_disguise_boots":1,"minecraft:redstone_torch":1,"minecraft:wooden_axe":8,"chococraft:gysahl_green_seeds":31,"minecraft:bread":5,"minecraft:iron_pickaxe":11,"minecraft:spruce_sapling":3,"minecraft:gravel":1,"minecraft:stone_axe":92,"travelersbackpack:standard":4,"minecraft:cobblestone":36,"minecraft:sweet_berries":10,"minecraft:oak_sapling":7,"minecraft:furnace":2,"minecraft:andesite":1,"chococraft:gysahl_green":93,"minecraft:bone_meal":14},"minecraft:crafted":{"minecraft:oak_planks":124,"minecraft:crafting_table":3,"chococraft:choco_disguise_boots":1,"minecraft:wooden_pickaxe":1,"minecraft:furnace":2,"minecraft:bone_meal":15,"minecraft:stone_axe":1,"minecraft:iron_chestplate":1,"minecraft:stick":60,"minecraft:iron_ingot":21,"minecraft:iron_pickaxe":2,"minecraft:stone_pickaxe":2,"minecraft:wooden_axe":1,"minecraft:stone_sword":1,"minecraft:chest":1,"minecraft:torch":112,"minecraft:stone_hoe":1},"minecraft:dropped":{"minecraft:wheat_seeds":3,"chococraft:chocobo_feather":3,"minecraft:rotten_flesh":4,"travelersbackpack:bat":1,"minecraft:gunpowder":2,"minecraft:diorite":1,"minecraft:wooden_axe":2,"gravestone:obituary":9,"minecraft:arrow":1,"minecraft:wooden_pickaxe":1,"minecraft:stone_pickaxe":1},"minecraft:mined":{"minecraft:light_gray_carpet":4,"minecraft:oak_fence":2,"minecraft:crafting_table":2,"minecraft:torch":9,"spore:lab_block3":2,"gravestone:gravestone":4,"minecraft:grass_block":10,"minecraft:chest":1,"minecraft:cobblestone":3,"minecraft:spruce_leaves":1,"minecraft:sugar_cane":2,"minecraft:oak_planks":11,"minecraft:diorite":1,"minecraft:wall_torch":4,"minecraft:spruce_stairs":2,"minecraft:redstone_ore":1,"minecraft:carrots":6,"minecraft:furnace":1,"minecraft:iron_ore":48,"minecraft:wheat":4,"minecraft:ice":2,"minecraft:spruce_log":7,"minecraft:white_carpet":8,"minecraft:andesite":3,"chococraft:gysahl_green":51,"minecraft:oak_log":31,"minecraft:coal_ore":67,"minecraft:deepslate_iron_ore":6,"minecraft:gravel":11,"minecraft:dirt":1,"minecraft:cobweb":1,"minecraft:stone":95,"minecraft:oak_leaves":2},"minecraft:killed":{"minecraft:creeper":1,"minecraft:skeleton":3,"minecraft:zombie":5,"minecraft:stray":1,"chococraft:chocobo":1},"minecraft:picked_up":{"minecraft:wooden_axe":1,"chococraft:loverly_gysahl_green":8,"minecraft:crafting_table":3,"minecraft:wheat":3,"travelersbackpack:bat":1,"minecraft:andesite":3,"spore:lab_block3":1,"minecraft:oak_log":31,"gravestone:obituary":5,"minecraft:gunpowder":2,"minecraft:dirt":11,"minecraft:string":3,"minecraft:white_carpet":9,"chococraft:chocobo_feather":7,"minecraft:bone":7,"chococraft:gysahl_green":140,"chococraft:gold_gysahl":2,"minecraft:wheat_seeds":9,"minecraft:iron_ingot":1,"minecraft:redstone_torch":1,"minecraft:iron_pickaxe":1,"minecraft:sugar_cane":9,"minecraft:chest":1,"minecraft:oak_planks":9,"minecraft:furnace":1,"minecraft:tipped_arrow":1,"minecraft:stick":6,"minecraft:raw_iron":53,"minecraft:sweet_berries":9,"minecraft:oak_fence":2,"minecraft:torch":13,"minecraft:spruce_stairs":2,"minecraft:gravel":1,"chococraft:gysahl_green_seeds":50,"minecraft:spruce_sapling":3,"minecraft:diorite":1,"minecraft:spruce_log":7,"minecraft:carrot":20,"minecraft:redstone":5,"minecraft:spider_eye":1,"travelersbackpack:standard":1,"minecraft:arrow":5,"minecraft:rotten_flesh":8,"minecraft:beetroot_seeds":3,"minecraft:oak_sapling":7,"minecraft:light_gray_carpet":7,"minecraft:coal":111,"minecraft:snowball":2,"minecraft:cobblestone":89},"minecraft:custom":{"minecraft:interact_with_furnace":10,"minecraft:mob_kills":11,"minecraft:animals_bred":1,"minecraft:interact_with_crafting_table":14,"minecraft:leave_game":1,"minecraft:time_since_death":17920,"minecraft:sleep_in_bed":6,"minecraft:time_since_rest":17963,"minecraft:sprint_one_cm":558026,"minecraft:damage_taken":2563,"minecraft:walk_one_cm":266887,"minecraft:drop":25,"minecraft:damage_dealt":2536,"minecraft:swim_one_cm":189,"minecraft:fly_one_cm":252832,"minecraft:talked_to_villager":1,"minecraft:open_chest":11,"minecraft:crouch_one_cm":141,"minecraft:play_time":114905,"minecraft:deaths":5,"minecraft:sneak_time":739,"minecraft:walk_under_water_one_cm":4686,"minecraft:jump":1053,"minecraft:walk_on_water_one_cm":12197,"minecraft:total_world_time":114905,"minecraft:fall_one_cm":20454}},"DataVersion":3465}