{"stats":{"minecraft:used":{"minecraft:oak_fence":2,"minecraft:stone_sword":26,"minecraft:light_gray_carpet":4,"minecraft:chest":2,"minecraft:stone_hoe":11,"minecraft:rotten_flesh":4,"travelersbackpack:bat":1,"minecraft:iron_chestplate":1,"minecraft:torch":187,"minecraft:dirt":11,"minecraft:white_carpet":9,"minecraft:carrot":21,"minecraft:tuff":2,"minecraft:snowball":2,"chococraft:choco_disguise_boots":1,"minecraft:wooden_axe":8,"minecraft:smooth_basalt":1,"minecraft:sweet_berries":10,"minecraft:furnace":2,"minecraft:oak_sapling":7,"minecraft:cobbled_deepslate":44,"minecraft:wheat_seeds":6,"minecraft:stone_pickaxe":246,"minecraft:oak_planks":6,"minecraft:wooden_pickaxe":5,"minecraft:sugar_cane":1,"minecraft:crafting_table":5,"minecraft:redstone_torch":1,"chococraft:gysahl_green_seeds":31,"minecraft:bread":9,"minecraft:iron_pickaxe":411,"minecraft:spruce_sapling":3,"minecraft:gravel":9,"minecraft:stone_axe":95,"minecraft:cobblestone":54,"travelersbackpack:standard":4,"minecraft:andesite":11,"chococraft:gysahl_green":93,"minecraft:bone_meal":14},"minecraft:crafted":{"minecraft:oak_planks":124,"minecraft:furnace":2,"minecraft:bone_meal":15,"minecraft:stone_pickaxe":2,"minecraft:chest":1,"minecraft:stone_hoe":1,"minecraft:crafting_table":3,"chococraft:choco_disguise_boots":1,"minecraft:wooden_pickaxe":1,"minecraft:bucket":2,"minecraft:stone_axe":1,"minecraft:bread":1,"minecraft:iron_chestplate":1,"minecraft:stick":60,"minecraft:iron_ingot":21,"minecraft:iron_pickaxe":3,"minecraft:wooden_axe":1,"minecraft:stone_sword":1,"minecraft:torch":112},"minecraft:dropped":{"minecraft:bread":3,"minecraft:wheat_seeds":3,"minecraft:cobblestone":7,"minecraft:amethyst_block":5,"minecraft:granite":10,"travelersbackpack:standard":1,"minecraft:diorite":1,"minecraft:wooden_axe":2,"gravestone:obituary":11,"minecraft:smooth_basalt":5,"minecraft:cobbled_deepslate":22,"chococraft:chocobo_feather":5,"minecraft:tuff":34,"minecraft:rotten_flesh":4,"travelersbackpack:bat":1,"minecraft:gunpowder":2,"minecraft:arrow":1,"minecraft:stone_pickaxe":1,"minecraft:wooden_pickaxe":1,"minecraft:calcite":6},"minecraft:mined":{"minecraft:tuff":36,"minecraft:granite":10,"gravestone:gravestone":4,"spore:lab_block3":2,"minecraft:grass_block":10,"minecraft:spruce_leaves":1,"minecraft:redstone_ore":1,"minecraft:furnace":1,"minecraft:carrots":6,"minecraft:iron_ore":53,"minecraft:cobbled_deepslate":2,"minecraft:andesite":27,"minecraft:deepslate_lapis_ore":2,"chococraft:gysahl_green":51,"minecraft:deepslate_iron_ore":23,"minecraft:stone":95,"minecraft:deepslate_redstone_ore":3,"minecraft:light_gray_carpet":4,"minecraft:oak_fence":2,"minecraft:crafting_table":3,"minecraft:torch":9,"minecraft:calcite":6,"minecraft:chest":1,"minecraft:copper_ore":2,"minecraft:cobblestone":5,"minecraft:lapis_ore":1,"minecraft:deepslate_gold_ore":16,"minecraft:oak_planks":11,"minecraft:sugar_cane":2,"minecraft:diorite":10,"minecraft:wall_torch":8,"minecraft:amethyst_block":5,"minecraft:spruce_stairs":2,"minecraft:wheat":4,"minecraft:ice":2,"minecraft:white_carpet":8,"minecraft:spruce_log":7,"minecraft:coal_ore":67,"minecraft:oak_log":31,"minecraft:dirt":1,"minecraft:gravel":18,"minecraft:cobweb":1,"minecraft:smooth_basalt":6,"minecraft:oak_leaves":2,"minecraft:deepslate":280},"minecraft:killed":{"minecraft:skeleton":4,"minecraft:creeper":1,"minecraft:zombie":5,"spore:inf_human":3,"minecraft:stray":1,"chococraft:chocobo":1},"minecraft:picked_up":{"minecraft:wooden_axe":1,"minecraft:crafting_table":4,"chococraft:loverly_gysahl_green":8,"minecraft:wheat":3,"travelersbackpack:bat":1,"spore:lab_block3":1,"gravestone:obituary":7,"minecraft:amethyst_block":5,"minecraft:raw_copper":6,"minecraft:string":3,"minecraft:white_carpet":9,"minecraft:cobbled_deepslate":276,"minecraft:redstone_torch":1,"minecraft:calcite":6,"minecraft:iron_pickaxe":1,"minecraft:chest":1,"minecraft:sugar_cane":9,"minecraft:furnace":1,"minecraft:tipped_arrow":1,"minecraft:raw_iron":75,"minecraft:stick":6,"minecraft:oak_fence":2,"minecraft:torch":18,"minecraft:spruce_stairs":2,"minecraft:diorite":8,"minecraft:carrot":20,"minecraft:redstone":19,"minecraft:arrow":5,"minecraft:rotten_flesh":8,"minecraft:beetroot_seeds":3,"minecraft:snowball":2,"minecraft:cobblestone":90,"minecraft:andesite":26,"minecraft:flint":1,"minecraft:tuff":36,"minecraft:oak_log":31,"minecraft:gunpowder":2,"minecraft:lapis_lazuli":17,"minecraft:dirt":11,"chococraft:chocobo_feather":9,"minecraft:bone":7,"chococraft:gysahl_green":140,"chococraft:gold_gysahl":2,"minecraft:wheat_seeds":9,"minecraft:raw_gold":16,"minecraft:iron_ingot":1,"spore:mutated_fiber":2,"minecraft:oak_planks":9,"minecraft:smooth_basalt":6,"minecraft:sweet_berries":9,"minecraft:gravel":9,"minecraft:spruce_sapling":3,"chococraft:gysahl_green_seeds":50,"minecraft:spruce_log":7,"minecraft:spider_eye":1,"travelersbackpack:standard":1,"minecraft:granite":20,"minecraft:bread":1,"minecraft:oak_sapling":7,"minecraft:light_gray_carpet":7,"minecraft:coal":111},"minecraft:custom":{"minecraft:mob_kills":15,"minecraft:animals_bred":1,"minecraft:interact_with_crafting_table":16,"minecraft:leave_game":1,"minecraft:time_since_death":53920,"minecraft:sprint_one_cm":608762,"minecraft:walk_one_cm":330952,"minecraft:drop":40,"minecraft:talked_to_villager":1,"minecraft:play_time":150905,"minecraft:deaths":5,"minecraft:sneak_time":882,"minecraft:walk_under_water_one_cm":4686,"minecraft:jump":1355,"minecraft:walk_on_water_one_cm":12197,"minecraft:total_world_time":150905,"minecraft:interact_with_furnace":10,"minecraft:sleep_in_bed":6,"minecraft:time_since_rest":53963,"minecraft:damage_taken":2703,"minecraft:damage_dealt":3057,"minecraft:swim_one_cm":189,"minecraft:fly_one_cm":262423,"minecraft:open_chest":11,"minecraft:crouch_one_cm":241,"minecraft:fall_one_cm":21801},"minecraft:broken":{"minecraft:stone_pickaxe":1,"minecraft:stone_axe":1,"minecraft:iron_pickaxe":1}},"DataVersion":3465}