{"stats":{"minecraft:mined":{"minecraft:dark_oak_planks":1,"minecraft:tuff":75,"minecraft:white_bed":1,"minecraft:dark_oak_leaves":7,"minecraft:deepslate_diamond_ore":7,"minecraft:cobblestone_stairs":2,"minecraft:dark_oak_log":4,"minecraft:grass_block":77,"minecraft:jungle_planks":1,"minecraft:jungle_log":64,"minecraft:coal_block":1,"minecraft:hay_block":128,"minecraft:furnace":2,"minecraft:carrots":25,"minecraft:mossy_cobblestone_stairs":2,"minecraft:iron_ore":297,"minecraft:cobbled_deepslate":2,"minecraft:fire":1,"minecraft:barrel":21,"minecraft:green_terracotta":6,"minecraft:andesite":1,"minecraft:pumpkin":56,"minecraft:anvil":1,"minecraft:deepslate_lapis_ore":5,"minecraft:dark_oak_stairs":14,"minecraft:gold_block":3,"minecraft:potatoes":20,"chococraft:gysahl_green":46,"minecraft:skeleton_wall_skull":1,"minecraft:deepslate_iron_ore":4,"minecraft:vine":6,"minecraft:light_gray_concrete":1,"minecraft:bamboo":14,"minecraft:stone":82,"minecraft:deepslate_redstone_ore":14,"minecraft:scaffolding":3,"minecraft:glass_pane":2,"minecraft:gray_concrete":2,"minecraft:stripped_dark_oak_log":5,"minecraft:cornflower":1,"minecraft:crafting_table":13,"minecraft:torch":18,"minecraft:blast_furnace":3,"minecraft:melon":197,"minecraft:chest":13,"minecraft:tall_grass":8,"minecraft:dried_kelp_block":60,"minecraft:deepslate_gold_ore":1,"minecraft:wall_torch":12,"minecraft:gray_wool":1,"minecraft:wheat":14,"minecraft:birch_trapdoor":2,"minecraft:birch_leaves":1,"minecraft:jungle_fence":5,"minecraft:grass":42,"minecraft:oak_log":59,"minecraft:coal_ore":310,"minecraft:cocoa":2,"minecraft:sand":20,"minecraft:dirt":9,"minecraft:cobweb":31,"minecraft:smooth_basalt":1,"minecraft:daylight_detector":1,"minecraft:polished_andesite":2,"minecraft:stone_bricks":1,"minecraft:gold_ore":2,"minecraft:mossy_stone_bricks":1,"minecraft:oak_leaves":5,"minecraft:deepslate":412,"minecraft:fern":1},"minecraft:broken":{"minecraft:iron_pickaxe":2,"minecraft:wooden_axe":1},"minecraft:used":{"minecraft:polished_granite_stairs":1,"minecraft:stone_sword":98,"minecraft:black_carpet":14,"minecraft:chest":26,"minecraft:stone_hoe":6,"minecraft:rotten_flesh":7,"minecraft:iron_chestplate":1,"minecraft:torch":128,"minecraft:dirt":82,"minecraft:jungle_planks":1,"minecraft:carrot":69,"minecraft:tuff":68,"minecraft:mossy_cobblestone_stairs":2,"minecraft:jungle_sapling":6,"minecraft:wooden_axe":61,"minecraft:jungle_fence_gate":2,"minecraft:iron_axe":506,"minecraft:iron_boots":1,"minecraft:smooth_basalt":1,"minecraft:bamboo":78,"minecraft:melon_seeds":5,"minecraft:barrel":1,"minecraft:item_frame":1,"minecraft:birch_trapdoor":2,"minecraft:bow":3,"minecraft:scaffolding":1,"minecraft:oak_sapling":20,"minecraft:furnace":4,"minecraft:skeleton_skull":1,"minecraft:egg":2,"minecraft:potato":49,"minecraft:cooked_beef":2,"minecraft:cobbled_deepslate":16,"minecraft:iron_leggings":1,"minecraft:golden_axe":4,"minecraft:wheat_seeds":14,"minecraft:cooked_mutton":5,"minecraft:mossy_stone_bricks":1,"minecraft:iron_ore":26,"minecraft:cobblestone_stairs":2,"minecraft:stone_pickaxe":32,"minecraft:dark_oak_sign":1,"minecraft:polished_andesite":1,"minecraft:jungle_fence":56,"minecraft:wooden_pickaxe":9,"minecraft:jungle_boat":1,"minecraft:polished_blackstone_pressure_plate":1,"minecraft:stripped_dark_oak_log":5,"minecraft:crafting_table":16,"minecraft:blast_furnace":3,"minecraft:white_bed":1,"minecraft:gray_concrete":2,"minecraft:black_bed":1,"minecraft:diamond_pickaxe":3,"minecraft:daylight_detector":1,"chococraft:gysahl_green_seeds":45,"minecraft:light_gray_concrete":1,"minecraft:iron_pickaxe":1205,"minecraft:melon_slice":79,"minecraft:bread":1,"minecraft:stone_axe":9,"minecraft:cobblestone":6,"minecraft:andesite":1,"chococraft:gysahl_green":108,"minecraft:gray_wool":1,"minecraft:bone_meal":3},"minecraft:dropped":{"minecraft:wheat_seeds":14,"minecraft:cooked_beef":1,"minecraft:dark_oak_sapling":1,"minecraft:jungle_fence":2,"minecraft:cobblestone":6,"minecraft:polished_blackstone_button":1,"minecraft:coal":1,"minecraft:polished_andesite":3,"minecraft:dirt":28,"minecraft:torch":1,"minecraft:jungle_sapling":4,"gravestone:obituary":4,"minecraft:iron_axe":1,"minecraft:sand":1,"minecraft:stone_sword":1,"minecraft:cobbled_deepslate":395,"minecraft:cocoa_beans":12,"minecraft:rotten_flesh":1,"minecraft:diamond_pickaxe":1,"minecraft:melon_seeds":2,"minecraft:warped_button":1,"minecraft:oak_sapling":1,"minecraft:bamboo":5,"minecraft:birch_button":1,"minecraft:bow":2,"minecraft:wooden_pickaxe":1,"minecraft:raw_gold":3},"minecraft:custom":{"minecraft:interact_with_smithing_table":1,"minecraft:interact_with_anvil":2,"minecraft:mob_kills":35,"minecraft:animals_bred":6,"minecraft:interact_with_crafting_table":62,"minecraft:open_barrel":83,"minecraft:leave_game":2,"minecraft:time_since_death":325045,"minecraft:climb_one_cm":2628,"minecraft:sprint_one_cm":1520544,"minecraft:walk_one_cm":696671,"minecraft:drop":64,"minecraft:play_time":360860,"minecraft:sneak_time":1895,"minecraft:deaths":2,"minecraft:walk_under_water_one_cm":10640,"minecraft:jump":4028,"minecraft:interact_with_blast_furnace":36,"minecraft:walk_on_water_one_cm":19369,"minecraft:total_world_time":360860,"minecraft:interact_with_furnace":16,"minecraft:interact_with_loom":1,"minecraft:sleep_in_bed":9,"minecraft:time_since_rest":250089,"minecraft:damage_taken":3201,"minecraft:damage_dealt":5689,"minecraft:swim_one_cm":175229,"minecraft:fly_one_cm":668217,"minecraft:open_chest":239,"minecraft:crouch_one_cm":1673,"minecraft:interact_with_smoker":18,"minecraft:fall_one_cm":81171},"minecraft:picked_up":{"minecraft:wooden_axe":1,"minecraft:cocoa_beans":21,"minecraft:crafting_table":14,"chococraft:loverly_gysahl_green":5,"minecraft:black_carpet":14,"minecraft:wheat":13,"minecraft:anvil":1,"minecraft:potion":5,"mowziesmobs:glowing_jelly":1,"minecraft:gold_block":3,"minecraft:enchanted_book":3,"minecraft:birch_button":1,"gravestone:obituary":4,"minecraft:cornflower":1,"minecraft:dark_oak_pressure_plate":2,"minecraft:string":33,"minecraft:iron_axe":2,"minecraft:flint_and_steel":2,"minecraft:item_frame":1,"minecraft:compass":1,"minecraft:cobbled_deepslate":427,"minecraft:beef":19,"minecraft:jungle_sapling":10,"minecraft:iron_pickaxe":2,"minecraft:melon_slice":1035,"minecraft:coal_block":1,"minecraft:chest":16,"minecraft:furnace":2,"minecraft:egg":2,"minecraft:dark_oak_sapling":1,"minecraft:stick":36,"minecraft:raw_iron":303,"minecraft:birch_trapdoor":2,"minecraft:torch":87,"minecraft:golden_axe":1,"minecraft:warped_button":1,"minecraft:carrot":94,"minecraft:redstone":64,"minecraft:dark_oak_planks":1,"minecraft:green_terracotta":6,"minecraft:polished_granite_stairs":1,"minecraft:stone_sword":3,"minecraft:arrow":3,"minecraft:rotten_flesh":9,"minecraft:shears":2,"minecraft:hay_block":127,"minecraft:black_banner":2,"minecraft:mutton":7,"minecraft:skeleton_skull":3,"minecraft:white_wool":6,"minecraft:cobblestone":84,"minecraft:cooked_beef":1,"minecraft:andesite":1,"minecraft:jungle_log":112,"minecraft:black_bed":1,"minecraft:leather":18,"minecraft:jungle_fence":7,"minecraft:potato":68,"minecraft:flint":1,"minecraft:tuff":68,"minecraft:oak_log":56,"minecraft:cobblestone_stairs":2,"minecraft:lapis_lazuli":35,"minecraft:gray_concrete":2,"minecraft:dirt":110,"chococraft:chocobo_feather":1,"minecraft:bone":5,"minecraft:light_blue_banner":2,"chococraft:gysahl_green":140,"minecraft:apple":4,"minecraft:stone_bricks":1,"chococraft:gold_gysahl":1,"minecraft:bow":3,"minecraft:wheat_seeds":45,"minecraft:raw_gold":6,"minecraft:dark_oak_sign":1,"minecraft:mossy_stone_bricks":1,"minecraft:bamboo":119,"minecraft:dark_oak_stairs":14,"minecraft:scaffolding":3,"minecraft:smooth_basalt":1,"minecraft:pumpkin":56,"minecraft:daylight_detector":1,"minecraft:sand":20,"minecraft:jungle_planks":65,"minecraft:blast_furnace":3,"chococraft:gysahl_green_seeds":51,"minecraft:red_banner":4,"minecraft:white_bed":1,"minecraft:dark_oak_log":4,"minecraft:barrel":21,"minecraft:polished_andesite":4,"minecraft:light_gray_concrete":1,"minecraft:dried_kelp_block":60,"minecraft:diamond":27,"minecraft:polished_blackstone_pressure_plate":1,"minecraft:polished_blackstone_button":1,"minecraft:gray_wool":2,"minecraft:mossy_cobblestone_stairs":2,"minecraft:emerald":12,"minecraft:oak_sapling":22,"minecraft:stripped_dark_oak_log":5,"minecraft:coal":310,"minecraft:ender_pearl":1,"minecraft:diamond_pickaxe":1},"minecraft:killed_by":{"minecraft:player":1},"minecraft:killed":{"minecraft:spider":3,"minecraft:skeleton":3,"minecraft:sheep":5,"mowziesmobs:lantern":1,"minecraft:zombie":14,"minecraft:cow":9},"minecraft:crafted":{"minecraft:oak_planks":124,"minecraft:jungle_fence_gate":2,"minecraft:melon":112,"minecraft:furnace":4,"minecraft:bone_meal":6,"minecraft:cooked_mutton":5,"minecraft:diamond_block":2,"minecraft:glass":19,"travelersbackpack:white_sleeping_bag":1,"minecraft:iron_boots":1,"minecraft:iron_axe":1,"minecraft:melon_seeds":7,"minecraft:stone_pickaxe":1,"minecraft:chest":12,"minecraft:redstone_block":11,"minecraft:jungle_fence":66,"minecraft:dark_oak_planks":16,"minecraft:stone_hoe":1,"minecraft:wheat":9,"minecraft:cooked_beef":19,"minecraft:coal_block":20,"minecraft:crafting_table":3,"minecraft:jungle_boat":1,"travelersbackpack:backpack_tank":2,"minecraft:wooden_pickaxe":1,"travelersbackpack:standard":1,"minecraft:iron_sword":1,"travelersbackpack:horse":1,"minecraft:gold_block":2,"minecraft:stone_axe":1,"minecraft:bread":1,"minecraft:jungle_planks":240,"minecraft:iron_chestplate":1,"minecraft:diamond_pickaxe":1,"minecraft:stick":90,"minecraft:iron_ingot":304,"minecraft:iron_pickaxe":3,"minecraft:gold_ingot":3,"minecraft:wooden_axe":1,"minecraft:iron_block":31,"minecraft:stone_sword":1,"minecraft:iron_leggings":1,"chococraft:chocobo_saddle":1,"minecraft:white_bed":1,"minecraft:torch":116,"minecraft:lapis_block":3}},"DataVersion":3465}