{"stats":{"minecraft:mined":{"minecraft:white_bed":1,"minecraft:carrots":6,"minecraft:dark_oak_leaves":6,"minecraft:wheat":4,"minecraft:dark_oak_log":4,"minecraft:cornflower":1,"minecraft:crafting_table":2,"minecraft:grass":7,"minecraft:grass_block":14,"minecraft:potatoes":4,"minecraft:oak_log":12,"minecraft:melon":7,"minecraft:vine":4,"minecraft:jungle_log":20,"minecraft:dirt":3,"minecraft:tall_grass":3,"minecraft:bamboo":4,"minecraft:stone":21,"minecraft:fern":1},"minecraft:broken":{"minecraft:wooden_axe":1},"minecraft:used":{"minecraft:jungle_sapling":5,"minecraft:wheat_seeds":4,"minecraft:wooden_axe":61,"minecraft:melon_slice":7,"minecraft:stone_pickaxe":12,"minecraft:wooden_pickaxe":9,"minecraft:melon_seeds":5,"minecraft:stone_hoe":6,"minecraft:bamboo":23,"minecraft:stone_axe":5,"minecraft:crafting_table":2,"minecraft:oak_sapling":3,"minecraft:carrot":11,"minecraft:white_bed":1,"minecraft:potato":4},"minecraft:custom":{"minecraft:time_since_rest":7954,"minecraft:sprint_one_cm":85472,"minecraft:damage_taken":60,"minecraft:walk_one_cm":33893,"minecraft:mob_kills":3,"minecraft:drop":8,"minecraft:damage_dealt":240,"minecraft:swim_one_cm":1418,"minecraft:interact_with_crafting_table":4,"minecraft:fly_one_cm":46542,"minecraft:open_barrel":5,"minecraft:open_chest":6,"minecraft:play_time":16385,"minecraft:walk_under_water_one_cm":363,"minecraft:jump":216,"minecraft:time_since_death":16385,"minecraft:walk_on_water_one_cm":622,"minecraft:sleep_in_bed":1,"minecraft:total_world_time":16385,"minecraft:climb_one_cm":1836,"minecraft:fall_one_cm":5803},"minecraft:picked_up":{"minecraft:stick":8,"minecraft:crafting_table":2,"minecraft:wheat":4,"minecraft:jungle_log":19,"minecraft:potato":13,"minecraft:oak_log":10,"minecraft:cornflower":1,"minecraft:white_bed":1,"minecraft:carrot":23,"minecraft:dark_oak_log":4,"minecraft:dirt":17,"minecraft:wheat_seeds":12,"minecraft:jungle_sapling":5,"minecraft:bamboo":23,"minecraft:oak_sapling":3,"minecraft:melon_slice":37,"minecraft:mutton":5,"minecraft:white_wool":3,"minecraft:cobblestone":21},"minecraft:dropped":{"minecraft:dirt":4,"minecraft:melon_seeds":2,"minecraft:cobblestone":1,"minecraft:wooden_pickaxe":1},"minecraft:killed":{"minecraft:sheep":3},"minecraft:crafted":{"minecraft:oak_planks":40,"minecraft:crafting_table":1,"minecraft:melon_seeds":7,"minecraft:stick":12,"minecraft:wooden_pickaxe":1,"minecraft:stone_pickaxe":1,"minecraft:wooden_axe":1,"minecraft:stone_sword":1,"minecraft:white_bed":1,"minecraft:dark_oak_planks":16,"minecraft:stone_hoe":1,"minecraft:stone_axe":1,"minecraft:jungle_planks":76}},"DataVersion":3465}