{"stats":{"minecraft:crafted":{"minecraft:oak_planks":124,"minecraft:jungle_fence_gate":2,"minecraft:furnace":2,"minecraft:bone_meal":6,"minecraft:cooked_mutton":5,"minecraft:glass":15,"travelersbackpack:white_sleeping_bag":1,"minecraft:melon_seeds":7,"minecraft:stone_pickaxe":1,"minecraft:chest":12,"minecraft:jungle_fence":24,"minecraft:dark_oak_planks":16,"minecraft:stone_hoe":1,"minecraft:wheat":9,"minecraft:cooked_beef":3,"minecraft:crafting_table":2,"travelersbackpack:standard":1,"travelersbackpack:backpack_tank":2,"minecraft:wooden_pickaxe":1,"travelersbackpack:horse":1,"minecraft:stone_axe":1,"minecraft:bread":1,"minecraft:jungle_planks":112,"minecraft:diamond_pickaxe":1,"minecraft:stick":54,"minecraft:iron_ingot":12,"minecraft:iron_pickaxe":1,"minecraft:wooden_axe":1,"minecraft:stone_sword":1,"minecraft:white_bed":1,"minecraft:torch":40},"minecraft:picked_up":{"minecraft:wooden_axe":1,"minecraft:cocoa_beans":9,"chococraft:loverly_gysahl_green":3,"minecraft:crafting_table":4,"minecraft:wheat":9,"minecraft:enchanted_book":3,"minecraft:potion":5,"gravestone:obituary":4,"minecraft:cornflower":1,"minecraft:string":30,"minecraft:dark_oak_pressure_plate":2,"minecraft:iron_axe":1,"minecraft:flint_and_steel":2,"minecraft:item_frame":1,"minecraft:compass":1,"minecraft:cobbled_deepslate":404,"minecraft:beef":14,"minecraft:jungle_sapling":5,"minecraft:iron_pickaxe":2,"minecraft:melon_slice":70,"minecraft:chest":16,"minecraft:egg":2,"minecraft:raw_iron":12,"minecraft:stick":32,"minecraft:birch_trapdoor":2,"minecraft:torch":70,"minecraft:golden_axe":1,"minecraft:carrot":67,"minecraft:redstone":64,"minecraft:stone_sword":2,"minecraft:arrow":2,"minecraft:rotten_flesh":7,"minecraft:shears":2,"minecraft:hay_block":3,"minecraft:black_banner":2,"minecraft:mutton":7,"minecraft:skeleton_skull":3,"minecraft:white_wool":6,"minecraft:cobblestone":79,"minecraft:jungle_log":80,"minecraft:black_bed":1,"minecraft:leather":13,"minecraft:jungle_fence":3,"minecraft:potato":53,"minecraft:tuff":63,"minecraft:oak_log":50,"minecraft:gray_concrete":2,"minecraft:lapis_lazuli":35,"minecraft:dirt":47,"chococraft:chocobo_feather":1,"minecraft:bone":2,"chococraft:gysahl_green":77,"minecraft:light_blue_banner":2,"minecraft:apple":4,"chococraft:gold_gysahl":1,"minecraft:bow":2,"minecraft:wheat_seeds":30,"minecraft:raw_gold":3,"minecraft:dark_oak_sign":1,"minecraft:bamboo":119,"minecraft:sand":20,"minecraft:jungle_planks":65,"minecraft:red_banner":4,"chococraft:gysahl_green_seeds":27,"minecraft:white_bed":1,"minecraft:dark_oak_log":4,"minecraft:barrel":21,"minecraft:light_gray_concrete":1,"minecraft:diamond":18,"minecraft:polished_blackstone_pressure_plate":1,"minecraft:mossy_cobblestone_stairs":2,"minecraft:gray_wool":2,"minecraft:emerald":12,"minecraft:oak_sapling":21,"minecraft:stripped_dark_oak_log":4,"minecraft:coal":101,"minecraft:ender_pearl":1,"minecraft:diamond_pickaxe":1},"minecraft:broken":{"minecraft:wooden_axe":1},"minecraft:killed":{"minecraft:spider":1,"minecraft:skeleton":2,"minecraft:sheep":5,"minecraft:zombie":8,"minecraft:cow":6},"minecraft:dropped":{"minecraft:wheat_seeds":7,"minecraft:jungle_fence":2,"minecraft:cobblestone":1,"minecraft:coal":1,"minecraft:dirt":28,"minecraft:torch":1,"gravestone:obituary":4,"minecraft:sand":1,"minecraft:cobbled_deepslate":395,"minecraft:diamond_pickaxe":1,"minecraft:melon_seeds":2,"minecraft:bamboo":5,"minecraft:bow":1,"minecraft:wooden_pickaxe":1},"minecraft:custom":{"minecraft:interact_with_anvil":1,"minecraft:mob_kills":22,"minecraft:animals_bred":3,"minecraft:interact_with_crafting_table":29,"minecraft:open_barrel":49,"minecraft:leave_game":1,"minecraft:time_since_death":147224,"minecraft:climb_one_cm":2288,"minecraft:sprint_one_cm":827352,"minecraft:walk_one_cm":382746,"minecraft:drop":41,"minecraft:play_time":183039,"minecraft:deaths":2,"minecraft:sneak_time":1716,"minecraft:walk_under_water_one_cm":5368,"minecraft:jump":2366,"minecraft:interact_with_blast_furnace":4,"minecraft:walk_on_water_one_cm":8708,"minecraft:total_world_time":183039,"minecraft:interact_with_furnace":13,"minecraft:sleep_in_bed":9,"minecraft:time_since_rest":72268,"minecraft:damage_taken":2213,"minecraft:damage_dealt":3612,"minecraft:swim_one_cm":44324,"minecraft:fly_one_cm":375292,"minecraft:open_chest":106,"minecraft:crouch_one_cm":1425,"minecraft:interact_with_smoker":7,"minecraft:fall_one_cm":45593},"minecraft:mined":{"minecraft:tuff":68,"minecraft:white_bed":1,"minecraft:dark_oak_leaves":6,"minecraft:deepslate_diamond_ore":4,"minecraft:dark_oak_log":4,"minecraft:grass_block":17,"minecraft:jungle_planks":1,"minecraft:jungle_log":29,"minecraft:hay_block":3,"minecraft:carrots":17,"minecraft:mossy_cobblestone_stairs":2,"minecraft:iron_ore":9,"minecraft:fire":1,"minecraft:barrel":21,"minecraft:deepslate_lapis_ore":5,"minecraft:deepslate_iron_ore":1,"chococraft:gysahl_green":22,"minecraft:skeleton_wall_skull":1,"minecraft:potatoes":16,"minecraft:vine":5,"minecraft:light_gray_concrete":1,"minecraft:bamboo":14,"minecraft:stone":81,"minecraft:deepslate_redstone_ore":14,"minecraft:gray_concrete":2,"minecraft:stripped_dark_oak_log":4,"minecraft:crafting_table":3,"minecraft:cornflower":1,"minecraft:torch":10,"minecraft:melon":12,"minecraft:chest":13,"minecraft:tall_grass":6,"minecraft:deepslate_gold_ore":1,"minecraft:wall_torch":4,"minecraft:gray_wool":1,"minecraft:wheat":10,"minecraft:birch_trapdoor":2,"minecraft:jungle_fence":1,"minecraft:grass":30,"minecraft:oak_log":53,"minecraft:coal_ore":100,"minecraft:cocoa":1,"minecraft:sand":20,"minecraft:dirt":6,"minecraft:cobweb":30,"minecraft:gold_ore":2,"minecraft:oak_leaves":5,"minecraft:deepslate":392,"minecraft:fern":1},"minecraft:killed_by":{"minecraft:player":1},"minecraft:used":{"minecraft:stone_sword":83,"minecraft:chest":26,"minecraft:stone_hoe":6,"minecraft:rotten_flesh":6,"minecraft:torch":85,"minecraft:dirt":19,"minecraft:jungle_planks":1,"minecraft:carrot":60,"minecraft:tuff":5,"minecraft:mossy_cobblestone_stairs":2,"minecraft:jungle_sapling":5,"minecraft:wooden_axe":61,"minecraft:jungle_fence_gate":2,"minecraft:iron_axe":146,"minecraft:barrel":1,"minecraft:melon_seeds":5,"minecraft:item_frame":1,"minecraft:bamboo":78,"minecraft:birch_trapdoor":2,"minecraft:furnace":2,"minecraft:oak_sapling":20,"minecraft:egg":2,"minecraft:skeleton_skull":1,"minecraft:cooked_beef":1,"minecraft:potato":45,"minecraft:cobbled_deepslate":9,"minecraft:golden_axe":4,"minecraft:wheat_seeds":10,"minecraft:cooked_mutton":2,"minecraft:stone_pickaxe":32,"minecraft:dark_oak_sign":1,"minecraft:jungle_fence":25,"minecraft:wooden_pickaxe":9,"minecraft:polished_blackstone_pressure_plate":1,"minecraft:stripped_dark_oak_log":4,"minecraft:crafting_table":4,"minecraft:white_bed":1,"minecraft:gray_concrete":2,"minecraft:black_bed":1,"chococraft:gysahl_green_seeds":21,"minecraft:light_gray_concrete":1,"minecraft:melon_slice":31,"minecraft:bread":1,"minecraft:iron_pickaxe":643,"minecraft:stone_axe":9,"minecraft:cobblestone":6,"chococraft:gysahl_green":51,"minecraft:gray_wool":1,"minecraft:bone_meal":3}},"DataVersion":3465}