{"stats":{"minecraft:crafted":{"minecraft:oak_planks":124,"minecraft:jungle_fence_gate":2,"minecraft:furnace":2,"minecraft:bone_meal":6,"minecraft:cooked_mutton":5,"minecraft:glass":19,"travelersbackpack:white_sleeping_bag":1,"minecraft:iron_boots":1,"minecraft:melon_seeds":7,"minecraft:stone_pickaxe":1,"minecraft:chest":12,"minecraft:jungle_fence":24,"minecraft:dark_oak_planks":16,"minecraft:stone_hoe":1,"minecraft:wheat":9,"minecraft:cooked_beef":3,"minecraft:crafting_table":2,"travelersbackpack:standard":1,"travelersbackpack:backpack_tank":2,"minecraft:wooden_pickaxe":1,"minecraft:iron_sword":1,"travelersbackpack:horse":1,"minecraft:stone_axe":1,"minecraft:bread":1,"minecraft:jungle_planks":112,"minecraft:diamond_pickaxe":1,"minecraft:stick":54,"minecraft:iron_ingot":12,"minecraft:iron_pickaxe":1,"minecraft:wooden_axe":1,"minecraft:stone_sword":1,"minecraft:white_bed":1,"minecraft:torch":52},"minecraft:picked_up":{"minecraft:wooden_axe":1,"minecraft:cocoa_beans":9,"chococraft:loverly_gysahl_green":4,"minecraft:crafting_table":4,"minecraft:wheat":11,"minecraft:enchanted_book":3,"minecraft:potion":5,"gravestone:obituary":4,"minecraft:cornflower":1,"minecraft:string":32,"minecraft:dark_oak_pressure_plate":2,"minecraft:iron_axe":1,"minecraft:flint_and_steel":2,"minecraft:item_frame":1,"minecraft:compass":1,"minecraft:cobbled_deepslate":427,"minecraft:beef":19,"minecraft:jungle_sapling":5,"minecraft:iron_pickaxe":2,"minecraft:melon_slice":78,"minecraft:chest":16,"minecraft:egg":2,"minecraft:raw_iron":15,"minecraft:stick":32,"minecraft:birch_trapdoor":2,"minecraft:torch":83,"minecraft:golden_axe":1,"minecraft:carrot":71,"minecraft:redstone":64,"minecraft:stone_sword":2,"minecraft:arrow":3,"minecraft:rotten_flesh":9,"minecraft:shears":2,"minecraft:hay_block":3,"minecraft:black_banner":2,"minecraft:mutton":7,"minecraft:skeleton_skull":3,"minecraft:white_wool":6,"minecraft:cobblestone":79,"minecraft:andesite":1,"minecraft:jungle_log":80,"minecraft:black_bed":1,"minecraft:leather":18,"minecraft:jungle_fence":3,"minecraft:potato":53,"minecraft:flint":1,"minecraft:tuff":68,"minecraft:oak_log":50,"minecraft:gray_concrete":2,"minecraft:lapis_lazuli":35,"minecraft:dirt":48,"chococraft:chocobo_feather":1,"minecraft:bone":5,"chococraft:gysahl_green":118,"minecraft:light_blue_banner":2,"minecraft:apple":4,"chococraft:gold_gysahl":1,"minecraft:bow":3,"minecraft:wheat_seeds":37,"minecraft:raw_gold":3,"minecraft:dark_oak_sign":1,"minecraft:bamboo":119,"minecraft:smooth_basalt":1,"minecraft:sand":20,"minecraft:jungle_planks":65,"minecraft:red_banner":4,"chococraft:gysahl_green_seeds":42,"minecraft:white_bed":1,"minecraft:dark_oak_log":4,"minecraft:barrel":21,"minecraft:light_gray_concrete":1,"minecraft:diamond":27,"minecraft:polished_blackstone_pressure_plate":1,"minecraft:mossy_cobblestone_stairs":2,"minecraft:gray_wool":2,"minecraft:emerald":12,"minecraft:oak_sapling":21,"minecraft:stripped_dark_oak_log":4,"minecraft:coal":110,"minecraft:ender_pearl":1,"minecraft:diamond_pickaxe":1},"minecraft:broken":{"minecraft:wooden_axe":1},"minecraft:killed":{"minecraft:spider":2,"minecraft:skeleton":3,"minecraft:sheep":5,"minecraft:zombie":12,"minecraft:cow":9},"minecraft:dropped":{"minecraft:wheat_seeds":8,"minecraft:jungle_fence":2,"minecraft:cobblestone":1,"minecraft:coal":1,"minecraft:dirt":28,"minecraft:torch":1,"gravestone:obituary":4,"minecraft:sand":1,"minecraft:cobbled_deepslate":395,"minecraft:rotten_flesh":1,"minecraft:diamond_pickaxe":1,"minecraft:melon_seeds":2,"minecraft:bamboo":5,"minecraft:bow":1,"minecraft:wooden_pickaxe":1},"minecraft:mined":{"minecraft:tuff":75,"minecraft:white_bed":1,"minecraft:dark_oak_leaves":6,"minecraft:deepslate_diamond_ore":7,"minecraft:dark_oak_log":4,"minecraft:grass_block":18,"minecraft:jungle_planks":1,"minecraft:jungle_log":29,"minecraft:hay_block":3,"minecraft:carrots":18,"minecraft:mossy_cobblestone_stairs":2,"minecraft:cobbled_deepslate":2,"minecraft:iron_ore":9,"minecraft:fire":1,"minecraft:barrel":21,"minecraft:andesite":1,"minecraft:deepslate_lapis_ore":5,"minecraft:deepslate_iron_ore":4,"chococraft:gysahl_green":37,"minecraft:skeleton_wall_skull":1,"minecraft:potatoes":16,"minecraft:vine":5,"minecraft:light_gray_concrete":1,"minecraft:bamboo":14,"minecraft:stone":81,"minecraft:deepslate_redstone_ore":14,"minecraft:gray_concrete":2,"minecraft:stripped_dark_oak_log":4,"minecraft:crafting_table":3,"minecraft:cornflower":1,"minecraft:torch":16,"minecraft:melon":13,"minecraft:chest":13,"minecraft:tall_grass":7,"minecraft:deepslate_gold_ore":1,"minecraft:wall_torch":10,"minecraft:gray_wool":1,"minecraft:wheat":12,"minecraft:birch_trapdoor":2,"minecraft:jungle_fence":1,"minecraft:grass":32,"minecraft:oak_log":53,"minecraft:coal_ore":110,"minecraft:cocoa":1,"minecraft:sand":20,"minecraft:dirt":6,"minecraft:cobweb":30,"minecraft:smooth_basalt":1,"minecraft:gold_ore":2,"minecraft:oak_leaves":5,"minecraft:deepslate":412,"minecraft:fern":1},"minecraft:custom":{"minecraft:interact_with_smithing_table":1,"minecraft:interact_with_anvil":1,"minecraft:mob_kills":31,"minecraft:animals_bred":4,"minecraft:interact_with_crafting_table":31,"minecraft:open_barrel":58,"minecraft:leave_game":1,"minecraft:time_since_death":195224,"minecraft:climb_one_cm":2471,"minecraft:sprint_one_cm":1092270,"minecraft:walk_one_cm":509237,"minecraft:drop":43,"minecraft:play_time":231039,"minecraft:deaths":2,"minecraft:sneak_time":1808,"minecraft:walk_under_water_one_cm":7211,"minecraft:jump":3188,"minecraft:interact_with_blast_furnace":4,"minecraft:walk_on_water_one_cm":15046,"minecraft:total_world_time":231039,"minecraft:interact_with_furnace":15,"minecraft:interact_with_loom":1,"minecraft:sleep_in_bed":9,"minecraft:time_since_rest":120268,"minecraft:damage_taken":2871,"minecraft:damage_dealt":5016,"minecraft:swim_one_cm":100573,"minecraft:fly_one_cm":506199,"minecraft:open_chest":121,"minecraft:crouch_one_cm":1529,"minecraft:interact_with_smoker":10,"minecraft:fall_one_cm":60447},"minecraft:killed_by":{"minecraft:player":1},"minecraft:used":{"minecraft:stone_sword":89,"minecraft:chest":26,"minecraft:stone_hoe":6,"minecraft:rotten_flesh":7,"minecraft:torch":102,"minecraft:dirt":20,"minecraft:jungle_planks":1,"minecraft:carrot":61,"minecraft:tuff":36,"minecraft:mossy_cobblestone_stairs":2,"minecraft:jungle_sapling":5,"minecraft:wooden_axe":61,"minecraft:jungle_fence_gate":2,"minecraft:iron_axe":170,"minecraft:iron_boots":1,"minecraft:barrel":1,"minecraft:melon_seeds":5,"minecraft:smooth_basalt":1,"minecraft:item_frame":1,"minecraft:bamboo":78,"minecraft:birch_trapdoor":2,"minecraft:bow":3,"minecraft:furnace":2,"minecraft:oak_sapling":20,"minecraft:egg":2,"minecraft:skeleton_skull":1,"minecraft:cooked_beef":1,"minecraft:potato":45,"minecraft:cobbled_deepslate":16,"minecraft:golden_axe":4,"minecraft:wheat_seeds":12,"minecraft:cooked_mutton":4,"minecraft:stone_pickaxe":32,"minecraft:dark_oak_sign":1,"minecraft:jungle_fence":25,"minecraft:wooden_pickaxe":9,"minecraft:polished_blackstone_pressure_plate":1,"minecraft:stripped_dark_oak_log":4,"minecraft:crafting_table":4,"minecraft:white_bed":1,"minecraft:gray_concrete":2,"minecraft:black_bed":1,"minecraft:diamond_pickaxe":3,"chococraft:gysahl_green_seeds":36,"minecraft:light_gray_concrete":1,"minecraft:melon_slice":55,"minecraft:bread":1,"minecraft:iron_pickaxe":689,"minecraft:stone_axe":9,"minecraft:cobblestone":6,"minecraft:andesite":1,"chococraft:gysahl_green":80,"minecraft:gray_wool":1,"minecraft:bone_meal":3}},"DataVersion":3465}