{"stats":{"minecraft:used":{"minecraft:oak_fence":2,"minecraft:wheat_seeds":5,"minecraft:stone_sword":16,"minecraft:stone_pickaxe":185,"minecraft:oak_planks":6,"minecraft:light_gray_carpet":4,"minecraft:chest":2,"minecraft:wooden_pickaxe":5,"minecraft:stone_hoe":11,"minecraft:sugar_cane":1,"minecraft:rotten_flesh":2,"minecraft:iron_chestplate":1,"minecraft:torch":124,"minecraft:dirt":11,"minecraft:white_carpet":9,"minecraft:crafting_table":4,"minecraft:carrot":18,"minecraft:snowball":2,"minecraft:redstone_torch":1,"chococraft:choco_disguise_boots":1,"minecraft:wooden_axe":8,"chococraft:gysahl_green_seeds":31,"minecraft:bread":2,"minecraft:gravel":1,"minecraft:spruce_sapling":3,"minecraft:stone_axe":86,"minecraft:cobblestone":34,"travelersbackpack:standard":1,"minecraft:furnace":2,"minecraft:oak_sapling":7,"minecraft:andesite":1,"chococraft:gysahl_green":92,"minecraft:bone_meal":14},"minecraft:crafted":{"minecraft:oak_planks":124,"minecraft:crafting_table":3,"chococraft:choco_disguise_boots":1,"minecraft:wooden_pickaxe":1,"minecraft:furnace":2,"minecraft:bone_meal":15,"minecraft:stone_axe":1,"minecraft:iron_chestplate":1,"minecraft:stick":56,"minecraft:iron_ingot":18,"minecraft:iron_pickaxe":1,"minecraft:stone_pickaxe":2,"minecraft:wooden_axe":1,"minecraft:stone_sword":1,"minecraft:chest":1,"minecraft:torch":112,"minecraft:stone_hoe":1},"minecraft:dropped":{"minecraft:wheat_seeds":1,"minecraft:rotten_flesh":4,"minecraft:diorite":1,"minecraft:wooden_axe":2,"gravestone:obituary":8,"minecraft:arrow":1,"minecraft:stone_pickaxe":1,"minecraft:wooden_pickaxe":1},"minecraft:mined":{"minecraft:light_gray_carpet":4,"minecraft:oak_fence":2,"minecraft:crafting_table":2,"minecraft:torch":5,"spore:lab_block3":2,"gravestone:gravestone":3,"minecraft:grass_block":10,"minecraft:chest":1,"minecraft:cobblestone":2,"minecraft:spruce_leaves":1,"minecraft:sugar_cane":2,"minecraft:oak_planks":8,"minecraft:diorite":1,"minecraft:wall_torch":3,"minecraft:spruce_stairs":2,"minecraft:furnace":1,"minecraft:carrots":5,"minecraft:iron_ore":38,"minecraft:wheat":3,"minecraft:ice":2,"minecraft:white_carpet":8,"minecraft:spruce_log":7,"minecraft:andesite":1,"chococraft:gysahl_green":51,"minecraft:oak_log":31,"minecraft:coal_ore":67,"minecraft:gravel":11,"minecraft:dirt":1,"minecraft:cobweb":1,"minecraft:stone":71,"minecraft:oak_leaves":2},"minecraft:killed":{"minecraft:creeper":1,"minecraft:skeleton":3,"minecraft:zombie":4,"minecraft:stray":1,"chococraft:chocobo":1},"minecraft:picked_up":{"minecraft:wooden_axe":1,"chococraft:loverly_gysahl_green":8,"minecraft:crafting_table":2,"minecraft:wheat":2,"minecraft:andesite":1,"spore:lab_block3":1,"minecraft:oak_log":31,"gravestone:obituary":5,"minecraft:gunpowder":1,"minecraft:string":3,"minecraft:dirt":11,"chococraft:chocobo_feather":5,"minecraft:white_carpet":9,"minecraft:bone":7,"chococraft:gysahl_green":140,"chococraft:gold_gysahl":2,"minecraft:wheat_seeds":6,"minecraft:redstone_torch":1,"minecraft:chest":1,"minecraft:sugar_cane":9,"minecraft:oak_planks":7,"minecraft:furnace":1,"minecraft:raw_iron":37,"minecraft:tipped_arrow":1,"minecraft:stick":6,"minecraft:oak_fence":2,"minecraft:torch":8,"minecraft:spruce_stairs":2,"minecraft:gravel":1,"minecraft:spruce_sapling":3,"chococraft:gysahl_green_seeds":50,"minecraft:diorite":1,"minecraft:spruce_log":7,"minecraft:carrot":16,"minecraft:arrow":5,"minecraft:rotten_flesh":6,"minecraft:beetroot_seeds":3,"minecraft:oak_sapling":7,"minecraft:light_gray_carpet":7,"minecraft:coal":111,"minecraft:snowball":2,"minecraft:cobblestone":69},"minecraft:custom":{"minecraft:interact_with_furnace":8,"minecraft:mob_kills":10,"minecraft:interact_with_crafting_table":12,"minecraft:time_since_death":58668,"minecraft:sleep_in_bed":6,"minecraft:time_since_rest":49968,"minecraft:sprint_one_cm":462368,"minecraft:damage_taken":2069,"minecraft:walk_one_cm":214963,"minecraft:drop":16,"minecraft:damage_dealt":2333,"minecraft:talked_to_villager":1,"minecraft:fly_one_cm":231160,"minecraft:open_chest":10,"minecraft:crouch_one_cm":141,"minecraft:play_time":91017,"minecraft:deaths":4,"minecraft:sneak_time":739,"minecraft:walk_under_water_one_cm":2139,"minecraft:jump":935,"minecraft:walk_on_water_one_cm":9910,"minecraft:total_world_time":91017,"minecraft:fall_one_cm":15598}},"DataVersion":3465}