{"stats":{"minecraft:used":{"minecraft:oak_fence":2,"minecraft:wheat_seeds":6,"minecraft:stone_sword":17,"minecraft:stone_pickaxe":232,"minecraft:oak_planks":6,"minecraft:light_gray_carpet":4,"minecraft:chest":2,"minecraft:wooden_pickaxe":5,"minecraft:sugar_cane":1,"minecraft:stone_hoe":11,"travelersbackpack:bat":1,"minecraft:rotten_flesh":4,"minecraft:iron_chestplate":1,"minecraft:torch":170,"minecraft:dirt":11,"minecraft:white_carpet":9,"minecraft:crafting_table":4,"minecraft:carrot":21,"minecraft:snowball":2,"chococraft:choco_disguise_boots":1,"minecraft:redstone_torch":1,"minecraft:wooden_axe":8,"chococraft:gysahl_green_seeds":31,"minecraft:bread":7,"minecraft:iron_pickaxe":58,"minecraft:spruce_sapling":3,"minecraft:gravel":1,"minecraft:stone_axe":94,"travelersbackpack:standard":4,"minecraft:cobblestone":46,"minecraft:sweet_berries":10,"minecraft:oak_sapling":7,"minecraft:furnace":2,"minecraft:andesite":1,"chococraft:gysahl_green":93,"minecraft:cobbled_deepslate":10,"minecraft:bone_meal":14},"minecraft:crafted":{"minecraft:oak_planks":124,"minecraft:crafting_table":3,"chococraft:choco_disguise_boots":1,"minecraft:wooden_pickaxe":1,"minecraft:furnace":2,"minecraft:bone_meal":15,"minecraft:stone_axe":1,"minecraft:iron_chestplate":1,"minecraft:stick":60,"minecraft:iron_ingot":21,"minecraft:iron_pickaxe":2,"minecraft:stone_pickaxe":2,"minecraft:wooden_axe":1,"minecraft:stone_sword":1,"minecraft:chest":1,"minecraft:torch":112,"minecraft:stone_hoe":1},"minecraft:dropped":{"minecraft:bread":3,"minecraft:wheat_seeds":3,"chococraft:chocobo_feather":5,"minecraft:rotten_flesh":4,"travelersbackpack:bat":1,"travelersbackpack:standard":1,"minecraft:gunpowder":2,"minecraft:diorite":1,"minecraft:wooden_axe":2,"gravestone:obituary":11,"minecraft:arrow":1,"minecraft:wooden_pickaxe":1,"minecraft:stone_pickaxe":1},"minecraft:mined":{"minecraft:deepslate_redstone_ore":3,"minecraft:tuff":12,"minecraft:light_gray_carpet":4,"minecraft:oak_fence":2,"minecraft:crafting_table":2,"minecraft:torch":9,"spore:lab_block3":2,"gravestone:gravestone":4,"minecraft:grass_block":10,"minecraft:chest":1,"minecraft:cobblestone":4,"minecraft:spruce_leaves":1,"minecraft:deepslate_gold_ore":16,"minecraft:sugar_cane":2,"minecraft:oak_planks":11,"minecraft:diorite":1,"minecraft:wall_torch":7,"minecraft:spruce_stairs":2,"minecraft:redstone_ore":1,"minecraft:carrots":6,"minecraft:furnace":1,"minecraft:iron_ore":48,"minecraft:cobbled_deepslate":1,"minecraft:wheat":4,"minecraft:ice":2,"minecraft:spruce_log":7,"minecraft:white_carpet":8,"minecraft:andesite":3,"chococraft:gysahl_green":51,"minecraft:oak_log":31,"minecraft:coal_ore":67,"minecraft:deepslate_iron_ore":9,"minecraft:gravel":11,"minecraft:dirt":1,"minecraft:cobweb":1,"minecraft:stone":95,"minecraft:deepslate":25,"minecraft:oak_leaves":2},"minecraft:killed":{"minecraft:creeper":1,"minecraft:skeleton":3,"spore:inf_human":1,"minecraft:zombie":5,"minecraft:stray":1,"chococraft:chocobo":1},"minecraft:picked_up":{"minecraft:wooden_axe":1,"chococraft:loverly_gysahl_green":8,"minecraft:crafting_table":3,"minecraft:wheat":3,"travelersbackpack:bat":1,"minecraft:andesite":3,"spore:lab_block3":1,"minecraft:tuff":12,"minecraft:oak_log":31,"gravestone:obituary":7,"minecraft:gunpowder":2,"minecraft:dirt":11,"minecraft:string":3,"minecraft:white_carpet":9,"chococraft:chocobo_feather":9,"minecraft:bone":7,"chococraft:gysahl_green":140,"chococraft:gold_gysahl":2,"minecraft:wheat_seeds":9,"minecraft:raw_gold":16,"minecraft:cobbled_deepslate":26,"minecraft:iron_ingot":1,"minecraft:redstone_torch":1,"minecraft:iron_pickaxe":1,"minecraft:sugar_cane":9,"minecraft:chest":1,"minecraft:oak_planks":9,"minecraft:furnace":1,"minecraft:tipped_arrow":1,"minecraft:stick":6,"minecraft:raw_iron":56,"minecraft:sweet_berries":9,"minecraft:oak_fence":2,"minecraft:torch":16,"minecraft:spruce_stairs":2,"minecraft:gravel":1,"chococraft:gysahl_green_seeds":50,"minecraft:spruce_sapling":3,"minecraft:diorite":1,"minecraft:spruce_log":7,"minecraft:carrot":20,"minecraft:redstone":19,"minecraft:spider_eye":1,"travelersbackpack:standard":1,"minecraft:arrow":5,"minecraft:rotten_flesh":8,"minecraft:beetroot_seeds":3,"minecraft:bread":1,"minecraft:oak_sapling":7,"minecraft:light_gray_carpet":7,"minecraft:coal":111,"minecraft:snowball":2,"minecraft:cobblestone":89},"minecraft:custom":{"minecraft:interact_with_furnace":10,"minecraft:mob_kills":12,"minecraft:animals_bred":1,"minecraft:interact_with_crafting_table":14,"minecraft:leave_game":1,"minecraft:time_since_death":29920,"minecraft:sleep_in_bed":6,"minecraft:time_since_rest":29963,"minecraft:sprint_one_cm":581893,"minecraft:damage_taken":2636,"minecraft:walk_one_cm":291447,"minecraft:drop":33,"minecraft:damage_dealt":2625,"minecraft:swim_one_cm":189,"minecraft:fly_one_cm":257920,"minecraft:talked_to_villager":1,"minecraft:open_chest":11,"minecraft:crouch_one_cm":141,"minecraft:play_time":126905,"minecraft:deaths":5,"minecraft:sneak_time":739,"minecraft:walk_under_water_one_cm":4686,"minecraft:jump":1214,"minecraft:walk_on_water_one_cm":12197,"minecraft:total_world_time":126905,"minecraft:fall_one_cm":21058}},"DataVersion":3465}