{"stats":{"minecraft:crafted":{"minecraft:oak_planks":12,"minecraft:furnace":1,"minecraft:cooked_mutton":6,"minecraft:iron_axe":2,"minecraft:ladder":114,"minecraft:stone_pickaxe":11,"minecraft:dark_oak_planks":420,"minecraft:cooked_beef":4,"minecraft:wooden_shovel":1,"minecraft:crafting_table":3,"minecraft:stone_axe":1,"minecraft:air":0,"minecraft:dark_oak_slab":6,"minecraft:shield":1,"minecraft:stick":295,"minecraft:iron_ingot":17,"minecraft:iron_pickaxe":3,"minecraft:wooden_axe":2,"minecraft:torch":52},"minecraft:picked_up":{"chococraft:loverly_gysahl_green":3,"minecraft:crafting_table":7,"minecraft:chicken":1,"minecraft:clay_ball":156,"minecraft:lead":1,"minecraft:enchanted_book":1,"minecraft:diamond_horse_armor":1,"gravestone:obituary":4,"minecraft:music_disc_cat":1,"minecraft:string":8,"minecraft:iron_axe":2,"minecraft:compass":1,"minecraft:cobbled_deepslate":527,"minecraft:beef":7,"minecraft:jungle_sapling":6,"minecraft:melon_slice":32,"minecraft:chest":3,"minecraft:birch_sapling":4,"minecraft:furnace":3,"minecraft:dark_oak_sapling":15,"minecraft:stick":25,"minecraft:raw_iron":67,"minecraft:torch":36,"minecraft:porkchop":6,"minecraft:diorite":1,"minecraft:dark_oak_planks":14,"minecraft:arrow":4,"minecraft:stone_sword":1,"minecraft:rotten_flesh":86,"minecraft:shears":1,"minecraft:black_banner":1,"minecraft:glow_berries":5,"minecraft:mutton":6,"minecraft:iron_bars":6,"minecraft:skeleton_skull":3,"minecraft:white_wool":8,"minecraft:cobblestone":1143,"minecraft:birch_log":12,"minecraft:feather":1,"minecraft:jungle_log":104,"minecraft:andesite":108,"minecraft:leather":3,"minecraft:potato":1,"minecraft:tuff":27,"minecraft:oak_log":18,"minecraft:wither_skeleton_skull":6,"minecraft:lapis_lazuli":39,"minecraft:dirt":190,"minecraft:bone":2,"chococraft:gysahl_green":17,"minecraft:apple":1,"minecraft:stone_bricks":5,"chococraft:gold_gysahl":4,"minecraft:wheat_seeds":6,"minecraft:iron_ingot":1,"minecraft:stone_pickaxe":2,"minecraft:dark_oak_sign":1,"minecraft:mossy_stone_bricks":9,"minecraft:moss_block":8,"minecraft:dark_oak_slab":17,"minecraft:cooked_porkchop":6,"minecraft:pumpkin":11,"minecraft:jungle_planks":128,"chococraft:gysahl_green_seeds":7,"minecraft:dark_oak_log":193,"minecraft:spider_eye":4,"minecraft:mossy_cobblestone":63,"minecraft:pumpkin_seeds":5,"minecraft:diamond":5,"minecraft:stone_axe":1,"minecraft:granite":9,"minecraft:painting":6,"minecraft:gray_wool":2,"minecraft:oak_sapling":2,"minecraft:melon_seeds":8,"minecraft:coal":198,"minecraft:ender_pearl":1},"minecraft:broken":{"minecraft:stone_pickaxe":11,"minecraft:iron_axe":1,"minecraft:stone_axe":2,"minecraft:iron_pickaxe":1,"minecraft:wooden_axe":1},"minecraft:killed":{"minecraft:cave_spider":1,"minecraft:skeleton":2,"minecraft:chicken":1,"minecraft:drowned":1,"minecraft:pig":3,"minecraft:sheep":4,"minecraft:zombie":68,"minecraft:cow":3},"minecraft:dropped":{"chococraft:loverly_gysahl_green":2,"minecraft:wheat_seeds":2,"minecraft:oak_log":3,"chococraft:gold_gysahl":2,"minecraft:diamond":5,"minecraft:dark_oak_sapling":3,"minecraft:cobblestone":405,"minecraft:jungle_planks":64,"minecraft:black_banner":2,"minecraft:dirt":39,"minecraft:gray_wool":1,"minecraft:melon_slice":16,"minecraft:jungle_sapling":6,"gravestone:obituary":4,"minecraft:light_blue_banner":2,"minecraft:string":4,"minecraft:white_wool":3,"minecraft:tuff":2,"minecraft:red_banner":1,"minecraft:rotten_flesh":1,"minecraft:shears":1,"minecraft:carrot":1,"minecraft:skeleton_skull":3,"minecraft:andesite":12,"minecraft:melon_seeds":4,"minecraft:mossy_stone_bricks":2,"minecraft:oak_sapling":1,"minecraft:spider_eye":2,"minecraft:painting":3,"minecraft:iron_bars":2,"chococraft:gysahl_green":17},"minecraft:custom":{"minecraft:interact_with_smithing_table":3,"minecraft:mob_kills":86,"minecraft:interact_with_crafting_table":35,"minecraft:open_barrel":27,"minecraft:time_since_death":194581,"minecraft:climb_one_cm":76430,"minecraft:sprint_one_cm":155130,"minecraft:walk_one_cm":458184,"minecraft:damage_blocked_by_shield":425,"minecraft:drop":55,"minecraft:talked_to_villager":1,"minecraft:play_time":214922,"minecraft:deaths":2,"minecraft:sneak_time":11888,"minecraft:walk_under_water_one_cm":16231,"minecraft:jump":1560,"minecraft:walk_on_water_one_cm":113980,"minecraft:total_world_time":214922,"minecraft:interact_with_furnace":32,"minecraft:sleep_in_bed":3,"minecraft:time_since_rest":194607,"minecraft:damage_taken":2675,"minecraft:damage_dealt":11523,"minecraft:player_kills":1,"minecraft:swim_one_cm":46418,"minecraft:fly_one_cm":46249,"minecraft:open_chest":46,"minecraft:crouch_one_cm":10898,"minecraft:fall_one_cm":30151},"minecraft:mined":{"minecraft:dark_oak_planks":15,"minecraft:tuff":25,"minecraft:spruce_planks":2,"minecraft:mossy_cobblestone":64,"minecraft:dark_oak_leaves":5,"minecraft:dark_oak_log":263,"minecraft:cave_vines_plant":1,"gravestone:gravestone":4,"minecraft:granite":9,"minecraft:grass_block":33,"minecraft:jungle_log":52,"minecraft:moss_block":4,"minecraft:spawner":2,"minecraft:furnace":3,"minecraft:iron_ore":58,"minecraft:cobbled_deepslate":72,"minecraft:andesite":97,"minecraft:pumpkin":11,"minecraft:deepslate_lapis_ore":1,"chococraft:gysahl_green":11,"minecraft:deepslate_iron_ore":6,"minecraft:cave_vines":1,"minecraft:vine":2,"minecraft:iron_bars":2,"minecraft:stone":690,"minecraft:clay":37,"minecraft:crafting_table":7,"minecraft:chest":5,"minecraft:tall_grass":1,"minecraft:cobblestone":137,"minecraft:lapis_ore":4,"minecraft:diorite":7,"minecraft:wall_torch":11,"minecraft:skeleton_skull":2,"minecraft:black_stained_glass":1,"minecraft:dark_oak_slab":17,"minecraft:birch_log":12,"minecraft:birch_leaves":2,"minecraft:black_bed":1,"minecraft:grass":20,"minecraft:oak_log":18,"minecraft:coal_ore":111,"minecraft:dirt":67,"minecraft:wither_skeleton_skull":2,"minecraft:stone_bricks":5,"minecraft:mossy_stone_bricks":5,"minecraft:deepslate":457,"minecraft:fern":4},"minecraft:used":{"minecraft:stone_sword":23,"minecraft:ladder":100,"minecraft:chest":2,"minecraft:shield":17,"minecraft:wooden_shovel":53,"minecraft:torch":60,"minecraft:dirt":3,"minecraft:carrot":17,"minecraft:tuff":22,"minecraft:dark_oak_planks":181,"minecraft:wooden_axe":100,"minecraft:iron_axe":389,"minecraft:dark_oak_slab":21,"minecraft:stone_bricks":5,"minecraft:furnace":4,"minecraft:cooked_cod":1,"minecraft:cooked_beef":4,"minecraft:cobbled_deepslate":295,"minecraft:cooked_mutton":6,"minecraft:mossy_stone_bricks":3,"minecraft:water_bucket":54,"minecraft:stone_pickaxe":1413,"minecraft:ender_pearl":1,"minecraft:glow_berries":12,"minecraft:mossy_cobblestone":54,"minecraft:crafting_table":10,"minecraft:apple":1,"minecraft:iron_pickaxe":478,"minecraft:stone_axe":180,"minecraft:cobblestone":172,"minecraft:cooked_porkchop":5,"minecraft:bucket":52}},"DataVersion":3465}