{"stats":{"minecraft:mined":{"minecraft:dark_oak_planks":16,"minecraft:tuff":123,"minecraft:spruce_planks":3,"minecraft:mossy_cobblestone":64,"minecraft:dark_oak_leaves":5,"minecraft:deepslate_diamond_ore":22,"minecraft:jungle_leaves":1,"minecraft:dark_oak_log":300,"minecraft:ladder":3,"minecraft:cave_vines_plant":3,"minecraft:dark_oak_fence":2,"minecraft:dark_oak_pressure_plate":1,"gravestone:gravestone":5,"minecraft:granite":20,"minecraft:allium":2,"minecraft:grass_block":44,"minecraft:spruce_fence":1,"minecraft:jungle_log":52,"minecraft:light_gray_bed":2,"minecraft:moss_block":20,"minecraft:spawner":2,"minecraft:large_fern":1,"minecraft:hay_block":20,"minecraft:redstone_ore":13,"minecraft:oak_trapdoor":3,"minecraft:heavy_weighted_pressure_plate":1,"minecraft:furnace":3,"minecraft:iron_ore":108,"minecraft:cobbled_deepslate":131,"minecraft:barrel":2,"minecraft:andesite":112,"minecraft:stripped_spruce_log":5,"minecraft:pumpkin":11,"minecraft:deepslate_lapis_ore":24,"minecraft:flowering_azalea_leaves":1,"chococraft:gysahl_green":18,"minecraft:vine":4,"minecraft:cave_vines":4,"minecraft:deepslate_iron_ore":64,"minecraft:iron_bars":2,"minecraft:azalea_leaves":2,"minecraft:azalea":1,"minecraft:stone":814,"minecraft:polished_granite_stairs":1,"minecraft:spruce_slab":4,"minecraft:deepslate_redstone_ore":39,"minecraft:flowering_azalea":1,"minecraft:glass_pane":1,"minecraft:stripped_dark_oak_log":2,"minecraft:dandelion":2,"minecraft:polished_granite":17,"minecraft:torch":20,"minecraft:clay":44,"minecraft:crafting_table":8,"minecraft:cornflower":1,"minecraft:chest":6,"minecraft:tall_grass":4,"minecraft:deepslate_coal_ore":14,"minecraft:cobblestone":209,"minecraft:deepslate_gold_ore":10,"minecraft:lapis_ore":15,"minecraft:diorite":30,"minecraft:wall_torch":45,"minecraft:deepslate_copper_ore":2,"minecraft:skeleton_skull":2,"minecraft:spruce_stairs":2,"minecraft:seagrass":8,"minecraft:birch_planks":2,"minecraft:black_stained_glass":6,"minecraft:dark_oak_slab":17,"minecraft:birch_log":93,"minecraft:birch_trapdoor":2,"minecraft:birch_leaves":4,"minecraft:black_bed":1,"minecraft:smooth_stone_slab":1,"minecraft:grass":30,"minecraft:oak_log":22,"minecraft:coal_ore":184,"minecraft:end_rod":1,"minecraft:gravel":60,"minecraft:dirt":103,"minecraft:iron_trapdoor":2,"minecraft:wither_skeleton_skull":3,"minecraft:gold_ore":6,"minecraft:polished_andesite":16,"minecraft:stone_bricks":5,"minecraft:oak_leaves":1,"minecraft:mossy_stone_bricks":5,"minecraft:deepslate_emerald_ore":3,"minecraft:deepslate":1959,"minecraft:fern":4},"minecraft:broken":{"minecraft:stone_pickaxe":13,"minecraft:iron_axe":2,"minecraft:stone_axe":2,"minecraft:iron_pickaxe":10,"minecraft:wooden_axe":1},"minecraft:used":{"minecraft:oak_trapdoor":4,"minecraft:stone_sword":86,"minecraft:ladder":147,"minecraft:chest":7,"minecraft:shield":121,"minecraft:rotten_flesh":1,"minecraft:wooden_shovel":53,"minecraft:torch":383,"minecraft:dirt":33,"minecraft:carrot":17,"minecraft:tuff":86,"minecraft:granite":5,"minecraft:dark_oak_planks":181,"minecraft:wooden_axe":100,"minecraft:iron_axe":593,"minecraft:dark_oak_slab":21,"minecraft:birch_trapdoor":4,"minecraft:stone_bricks":5,"minecraft:bow":1,"minecraft:dark_oak_boat":1,"minecraft:iron_trapdoor":2,"minecraft:furnace":6,"minecraft:cooked_cod":69,"minecraft:cooked_beef":4,"minecraft:cobbled_deepslate":519,"minecraft:light_gray_bed":2,"minecraft:cooked_mutton":6,"minecraft:water_bucket":58,"minecraft:mossy_stone_bricks":3,"minecraft:diorite":19,"minecraft:birch_planks":4,"minecraft:stone_pickaxe":1782,"minecraft:ender_pearl":1,"minecraft:diamond_axe":14,"minecraft:glow_berries":41,"minecraft:mossy_cobblestone":54,"minecraft:crafting_table":11,"minecraft:diamond_pickaxe":40,"minecraft:apple":1,"minecraft:heavy_weighted_pressure_plate":2,"minecraft:iron_pickaxe":2530,"minecraft:gravel":13,"minecraft:polished_granite":8,"minecraft:stone_axe":180,"minecraft:cobblestone":630,"minecraft:cooked_porkchop":6,"minecraft:andesite":4,"minecraft:bucket":56,"minecraft:pumpkin_pie":1},"minecraft:dropped":{"chococraft:loverly_gysahl_green":2,"minecraft:wheat_seeds":2,"minecraft:oak_log":3,"chococraft:gold_gysahl":2,"minecraft:diamond":5,"minecraft:dark_oak_sapling":3,"minecraft:cobblestone":406,"minecraft:jungle_planks":64,"minecraft:black_banner":2,"minecraft:dirt":69,"minecraft:gray_wool":1,"minecraft:melon_slice":16,"minecraft:jungle_sapling":6,"gravestone:obituary":6,"minecraft:pumpkin_pie":1,"minecraft:flowering_azalea":1,"minecraft:string":4,"minecraft:light_blue_banner":2,"minecraft:dark_oak_planks":26,"minecraft:white_wool":3,"minecraft:tuff":2,"minecraft:birch_sapling":27,"minecraft:stripped_dark_oak_log":1,"minecraft:red_banner":1,"minecraft:rotten_flesh":5,"minecraft:clay_ball":4,"minecraft:shears":1,"minecraft:carrot":1,"minecraft:skeleton_skull":3,"minecraft:chest":4,"minecraft:andesite":12,"minecraft:melon_seeds":4,"minecraft:mossy_stone_bricks":2,"minecraft:oak_sapling":1,"minecraft:spider_eye":2,"minecraft:painting":3,"minecraft:spruce_slab":6,"minecraft:iron_bars":2,"minecraft:bow":1,"minecraft:polished_granite":1,"chococraft:gysahl_green":17},"minecraft:picked_up":{"minecraft:crafting_table":8,"chococraft:loverly_gysahl_green":3,"minecraft:iron_trapdoor":2,"minecraft:ladder":4,"minecraft:chicken":1,"minecraft:clay_ball":184,"minecraft:lead":3,"minecraft:enchanted_book":1,"minecraft:diamond_horse_armor":1,"gravestone:obituary":5,"minecraft:oak_trapdoor":3,"minecraft:heavy_weighted_pressure_plate":1,"minecraft:music_disc_cat":1,"minecraft:string":10,"minecraft:iron_axe":2,"minecraft:compass":1,"minecraft:cobbled_deepslate":2060,"minecraft:beef":7,"minecraft:azalea":1,"minecraft:jungle_sapling":6,"minecraft:spruce_slab":6,"minecraft:melon_slice":32,"minecraft:chest":8,"minecraft:birch_sapling":31,"minecraft:furnace":3,"minecraft:dark_oak_sapling":25,"minecraft:stick":33,"minecraft:raw_iron":175,"minecraft:birch_trapdoor":2,"minecraft:torch":106,"minecraft:spruce_stairs":2,"minecraft:porkchop":6,"minecraft:diorite":23,"minecraft:redstone":224,"minecraft:dark_oak_planks":15,"minecraft:stone_sword":1,"minecraft:arrow":16,"minecraft:light_gray_bed":2,"minecraft:rotten_flesh":113,"minecraft:pumpkin_pie":2,"minecraft:shears":1,"minecraft:black_banner":1,"minecraft:glow_berries":24,"minecraft:mutton":6,"minecraft:iron_bars":6,"minecraft:skeleton_skull":3,"minecraft:white_wool":8,"minecraft:cobblestone":1326,"minecraft:birch_log":108,"minecraft:feather":1,"minecraft:glow_ink_sac":1,"minecraft:andesite":123,"minecraft:jungle_log":104,"minecraft:leather":3,"minecraft:dark_oak_boat":2,"minecraft:potato":1,"minecraft:birch_planks":1,"minecraft:flint":9,"minecraft:tuff":126,"minecraft:oak_log":22,"minecraft:wither_skeleton_skull":7,"minecraft:lapis_lazuli":254,"minecraft:dirt":227,"minecraft:polished_granite":17,"minecraft:bone":12,"chococraft:gysahl_green":17,"minecraft:apple":2,"minecraft:stone_bricks":5,"chococraft:gold_gysahl":4,"minecraft:bow":1,"minecraft:wheat_seeds":7,"minecraft:raw_gold":16,"minecraft:iron_ingot":1,"minecraft:stone_pickaxe":2,"minecraft:dark_oak_sign":1,"minecraft:mossy_stone_bricks":9,"minecraft:moss_block":21,"minecraft:flowering_azalea":1,"minecraft:dark_oak_slab":17,"minecraft:cooked_porkchop":6,"minecraft:pumpkin":11,"minecraft:gravel":78,"minecraft:jungle_planks":128,"minecraft:stripped_spruce_log":5,"chococraft:gysahl_green_seeds":7,"minecraft:dark_oak_log":230,"minecraft:spider_eye":4,"minecraft:mossy_cobblestone":63,"minecraft:pumpkin_seeds":5,"minecraft:diamond":27,"minecraft:stone_axe":1,"minecraft:granite":18,"minecraft:painting":6,"minecraft:gray_wool":2,"minecraft:emerald":3,"minecraft:oak_sapling":2,"minecraft:melon_seeds":8,"minecraft:dark_oak_fence":2,"minecraft:stripped_dark_oak_log":1,"minecraft:coal":285,"minecraft:ender_pearl":1},"minecraft:custom":{"minecraft:interact_with_smithing_table":4,"minecraft:mob_kills":122,"minecraft:interact_with_crafting_table":66,"minecraft:open_barrel":38,"minecraft:leave_game":1,"minecraft:time_since_death":279738,"minecraft:climb_one_cm":164483,"minecraft:sprint_one_cm":446572,"minecraft:walk_one_cm":1382617,"minecraft:damage_blocked_by_shield":2785,"minecraft:drop":72,"minecraft:talked_to_villager":1,"minecraft:play_time":540529,"minecraft:sneak_time":24403,"minecraft:deaths":3,"minecraft:walk_under_water_one_cm":123750,"minecraft:jump":4269,"minecraft:walk_on_water_one_cm":200033,"minecraft:total_world_time":540529,"minecraft:interact_with_furnace":52,"minecraft:interact_with_loom":1,"minecraft:sleep_in_bed":4,"minecraft:time_since_rest":275515,"minecraft:damage_taken":7602,"minecraft:damage_dealt":17889,"minecraft:player_kills":1,"minecraft:swim_one_cm":130828,"minecraft:fly_one_cm":175880,"minecraft:open_chest":219,"minecraft:crouch_one_cm":27570,"minecraft:fall_one_cm":90685},"minecraft:killed_by":{"minecraft:zombie":1},"minecraft:killed":{"minecraft:cave_spider":1,"minecraft:spider":3,"minecraft:skeleton":14,"minecraft:chicken":1,"minecraft:drowned":1,"minecraft:pig":3,"minecraft:sheep":4,"minecraft:zombie":86,"minecraft:glow_squid":1,"minecraft:cow":3},"minecraft:crafted":{"minecraft:oak_planks":28,"minecraft:dark_oak_boat":1,"minecraft:furnace":3,"minecraft:heavy_weighted_pressure_plate":2,"minecraft:cooked_mutton":6,"minecraft:oak_trapdoor":2,"minecraft:iron_boots":1,"minecraft:iron_axe":3,"minecraft:ladder":162,"minecraft:stone_pickaxe":14,"minecraft:chest":4,"minecraft:dark_oak_planks":548,"minecraft:cooked_beef":4,"minecraft:wooden_shovel":1,"minecraft:iron_trapdoor":1,"minecraft:diamond_axe":1,"minecraft:crafting_table":4,"minecraft:iron_helmet":5,"minecraft:birch_planks":110,"minecraft:stone_axe":1,"minecraft:air":0,"minecraft:dark_oak_slab":6,"minecraft:iron_chestplate":1,"minecraft:diamond_pickaxe":1,"minecraft:shield":1,"minecraft:birch_trapdoor":2,"minecraft:stick":487,"minecraft:iron_ingot":171,"minecraft:iron_pickaxe":10,"minecraft:wooden_axe":2,"minecraft:gold_ingot":11,"minecraft:iron_leggings":1,"minecraft:torch":296}},"DataVersion":3465}