{"stats":{"minecraft:used":{"minecraft:spruce_slab":5,"minecraft:spruce_planks":66,"minecraft:shield":40,"minecraft:mossy_stone_brick_slab":7,"travelersbackpack:bat":2,"minecraft:torch":25,"minecraft:dirt":2,"minecraft:granite":7,"minecraft:spruce_boat":1,"minecraft:wooden_axe":156,"minecraft:stone_brick_stairs":1,"minecraft:stone_bricks":25,"minecraft:bow":27,"minecraft:sweet_berries":87,"minecraft:furnace":1,"minecraft:cooked_mutton":3,"minecraft:diorite":1,"minecraft:stone_pickaxe":177,"minecraft:wooden_pickaxe":116,"minecraft:diamond_axe":155,"minecraft:crafting_table":13,"minecraft:spruce_log":6,"chococraft:gysahl_green_seeds":3,"minecraft:bread":4,"minecraft:iron_pickaxe":552,"minecraft:stone_axe":93,"minecraft:wooden_sword":32,"minecraft:cobblestone":164,"minecraft:andesite":2,"chococraft:gysahl_green":26},"minecraft:crafted":{"minecraft:wooden_sword":1,"minecraft:mossy_stone_brick_slab":12,"minecraft:furnace":1,"minecraft:cooked_mutton":3,"minecraft:spruce_slab":6,"minecraft:stone_pickaxe":2,"minecraft:spruce_boat":1,"minecraft:diamond_axe":1,"minecraft:crafting_table":7,"minecraft:spruce_planks":264,"minecraft:wooden_pickaxe":2,"minecraft:stone_axe":1,"minecraft:shield":1,"minecraft:stick":20,"minecraft:iron_pickaxe":1,"minecraft:wooden_axe":3},"minecraft:killed_by":{"spore:inf_human":1},"minecraft:dropped":{"minecraft:brown_mushroom":1,"minecraft:diamond_leggings":2,"chococraft:gysahl_green_seeds":9,"minecraft:stick":3,"minecraft:dirt":13,"minecraft:snowball":14,"gravestone:obituary":9,"minecraft:white_wool":4,"minecraft:stone_brick_slab":4,"minecraft:gravel":4,"minecraft:cobbled_deepslate":25,"minecraft:rotten_flesh":2,"minecraft:andesite":65,"minecraft:mossy_stone_bricks":1,"spore:vent_door":1,"minecraft:stone_bricks":12,"minecraft:spruce_slab":2,"minecraft:stone_brick_stairs":1},"minecraft:mined":{"spore:fungal_roots":2,"minecraft:tuff":9,"minecraft:spruce_planks":10,"spore:wall_growths_big":10,"spore:wall_growths":1,"minecraft:mossy_cobblestone":2,"spore:lab_block3":1,"gravestone:gravestone":10,"minecraft:spruce_trapdoor":4,"minecraft:granite":72,"minecraft:grass_block":15,"minecraft:spruce_leaves":16,"spore:growths_small":1,"minecraft:spawner":3,"minecraft:oak_trapdoor":1,"minecraft:furnace":1,"spore:blomfung":4,"minecraft:iron_ore":29,"spore:infested_stone":5,"spore:cdu":1,"minecraft:andesite":84,"minecraft:peony":3,"chococraft:gysahl_green":10,"minecraft:rail":2,"minecraft:vine":2,"minecraft:oak_stairs":1,"minecraft:iron_bars":5,"minecraft:packed_ice":3,"minecraft:stone":357,"spore:vent_plate":2,"minecraft:deepslate_redstone_ore":11,"minecraft:brown_mushroom":1,"spore:vent_door":2,"minecraft:stone_brick_slab":5,"minecraft:oak_fence":18,"minecraft:crafting_table":7,"minecraft:torch":1,"minecraft:poppy":1,"minecraft:andesite_slab":1,"minecraft:copper_ore":1,"minecraft:cobblestone":9,"minecraft:lapis_ore":2,"minecraft:oak_planks":1,"minecraft:diorite":6,"spore:bloomfung2":3,"minecraft:wheat":5,"minecraft:blue_ice":1,"minecraft:sweet_berry_bush":24,"minecraft:ice":4,"minecraft:spruce_log":141,"minecraft:grass":1,"minecraft:coal_ore":96,"minecraft:oak_log":8,"minecraft:mycelium":3,"minecraft:gravel":11,"minecraft:dirt":16,"minecraft:cobweb":28,"minecraft:stone_bricks":51,"minecraft:mossy_stone_bricks":22,"minecraft:deepslate":21,"spore:remains":4,"minecraft:fern":2},"minecraft:killed":{"spore:inf_hazmat":2,"minecraft:cave_spider":25,"minecraft:spider":2,"minecraft:skeleton":13,"minecraft:zombie_villager":1,"minecraft:creeper":3,"minecraft:sheep":3,"minecraft:zombie":9,"spore:inf_human":1},"minecraft:picked_up":{"chococraft:loverly_gysahl_green":1,"minecraft:crafting_table":7,"minecraft:wheat":5,"minecraft:brown_mushroom":1,"minecraft:stone_brick_stairs":2,"gravestone:obituary":3,"minecraft:string":44,"minecraft:diamond_leggings":1,"minecraft:cobbled_deepslate":25,"minecraft:spruce_planks":48,"minecraft:spruce_slab":2,"minecraft:furnace":1,"minecraft:stick":21,"minecraft:raw_iron":29,"minecraft:oak_fence":5,"minecraft:torch":1,"minecraft:spruce_fence":1,"minecraft:diorite":5,"minecraft:redstone":49,"minecraft:arrow":18,"minecraft:rotten_flesh":4,"minecraft:mutton":3,"minecraft:rail":7,"minecraft:snowball":14,"minecraft:white_wool":7,"minecraft:cobblestone":311,"spore:cdu":1,"minecraft:feather":2,"minecraft:andesite":73,"minecraft:tuff":9,"minecraft:oak_log":8,"minecraft:gunpowder":1,"minecraft:lapis_lazuli":17,"minecraft:dirt":31,"minecraft:light_gray_concrete_powder":1,"chococraft:chocobo_feather":1,"minecraft:bone":15,"chococraft:gysahl_green":26,"minecraft:stone_bricks":45,"minecraft:bow":1,"minecraft:wheat_seeds":13,"minecraft:orange_tulip":2,"minecraft:mossy_stone_bricks":7,"minecraft:oak_planks":10,"spore:vent_door":1,"spore:cerebrum":1,"minecraft:sweet_berries":65,"minecraft:stone_brick_slab":4,"minecraft:gravel":4,"minecraft:spruce_sapling":26,"chococraft:gysahl_green_seeds":12,"minecraft:spruce_log":129,"minecraft:polished_andesite":2,"minecraft:spruce_boat":1,"minecraft:granite":61,"minecraft:bread":2,"spore:spine_fragment":2,"minecraft:andesite_slab":1,"minecraft:coal":96},"minecraft:custom":{"minecraft:mob_kills":62,"minecraft:interact_with_crafting_table":15,"minecraft:open_barrel":20,"minecraft:time_since_death":924,"minecraft:climb_one_cm":2695,"minecraft:sprint_one_cm":232506,"minecraft:walk_one_cm":495139,"minecraft:damage_blocked_by_shield":1050,"minecraft:drop":34,"minecraft:talked_to_villager":2,"minecraft:play_time":160305,"minecraft:deaths":11,"minecraft:sneak_time":8756,"minecraft:walk_under_water_one_cm":33714,"minecraft:jump":1532,"minecraft:walk_on_water_one_cm":28975,"minecraft:total_world_time":160305,"minecraft:interact_with_furnace":3,"minecraft:sleep_in_bed":2,"minecraft:time_since_rest":0,"minecraft:damage_taken":4534,"minecraft:damage_dealt":7874,"minecraft:swim_one_cm":18657,"minecraft:fly_one_cm":63640,"minecraft:open_chest":13,"minecraft:crouch_one_cm":6743,"minecraft:fall_one_cm":20575},"minecraft:broken":{"minecraft:wooden_pickaxe":2,"minecraft:stone_pickaxe":1,"minecraft:wooden_sword":1,"minecraft:stone_axe":1,"minecraft:iron_pickaxe":2,"minecraft:wooden_axe":2}},"DataVersion":3465}