{"stats":{"minecraft:dropped":{"minecraft:porkchop":6,"minecraft:brown_mushroom":3,"minecraft:diamond_axe":3,"minecraft:oak_log":2,"chococraft:black_chocobo_spawn_egg":4,"minecraft:diamond":2,"minecraft:crafting_table":1,"minecraft:cooked_porkchop":14,"chococraft:gold_chocobo_spawn_egg":2,"minecraft:leather":7,"chococraft:white_chocobo_spawn_egg":4,"chococraft:chocopedia":1,"minecraft:saddle":4,"minecraft:rail":1,"minecraft:flint":1,"minecraft:dirt":527,"minecraft:dark_oak_trapdoor":3,"minecraft:mutton":2,"chococraft:red_chocobo_spawn_egg":2,"minecraft:sunflower":5,"minecraft:sugar":1,"minecraft:iron_pickaxe":8,"minecraft:white_wool":11,"minecraft:bone":13,"minecraft:gravel":24,"minecraft:sugar_cane":8,"minecraft:golden_chestplate":2,"minecraft:cobbled_deepslate":341,"minecraft:pig_spawn_egg":1,"minecraft:netherite_sword":2,"minecraft:wheat":7,"minecraft:rotten_flesh":18,"minecraft:oak_planks":202,"minecraft:cooked_mutton":9,"minecraft:golden_shovel":1,"minecraft:white_bed":2,"minecraft:birch_fence_gate":5,"minecraft:poppy":3,"minecraft:gunpowder":1,"chococraft:chocobo_saddle":8,"minecraft:arrow":12,"minecraft:beef":6,"minecraft:cherry_fence":6,"minecraft:egg":2,"minecraft:water_bucket":2,"minecraft:iron_ingot":12,"minecraft:wheat_seeds":31,"minecraft:iron_helmet":7,"minecraft:oak_fence":4,"minecraft:golden_axe":2,"minecraft:cobblestone":342,"minecraft:lead":11,"chococraft:gysahl_green_seeds":53,"minecraft:granite":10,"minecraft:sheep_spawn_egg":1,"minecraft:grass_block":1,"minecraft:coal":13,"minecraft:stick":14,"chococraft:chocobo_whistle":5,"minecraft:lava_bucket":5,"minecraft:diorite":32,"minecraft:ink_sac":1,"minecraft:torch":129,"minecraft:rose_bush":2,"minecraft:brown_wool":1,"minecraft:cherry_planks":1,"minecraft:diamond_helmet":1,"minecraft:fire_charge":1,"minecraft:iron_leggings":7,"minecraft:golden_hoe":1,"minecraft:iron_axe":10,"minecraft:string":1,"minecraft:smooth_basalt":4,"minecraft:dandelion":5,"minecraft:redstone":183,"minecraft:furnace":1,"minecraft:stone_sword":1,"chococraft:chocobo_feather":4,"chococraft:pink_chocobo_spawn_egg":2,"minecraft:tuff":15,"minecraft:raw_iron":15,"minecraft:light_gray_wool":2,"minecraft:iron_boots":7,"chococraft:flame_chocobo_spawn_egg":2,"minecraft:stone":512,"minecraft:shield":2,"minecraft:spruce_trapdoor":1,"minecraft:iron_chestplate":7,"minecraft:andesite":22,"minecraft:golden_leggings":1,"minecraft:oak_sapling":2,"minecraft:wooden_shovel":1,"minecraft:spider_eye":3,"minecraft:stone_pickaxe":3,"minecraft:bow":2,"minecraft:wooden_pickaxe":1,"minecraft:raw_gold":24,"chococraft:gysahl_green":37},"minecraft:killed":{"minecraft:cave_spider":4,"minecraft:spider":18,"minecraft:skeleton":31,"minecraft:chicken":31,"minecraft:pig":44,"minecraft:zombie_villager":1,"minecraft:creeper":3,"minecraft:sheep":30,"minecraft:zombie":52,"minecraft:cow":19,"chococraft:chocobo":21,"minecraft:phantom":1,"minecraft:frog":1,"minecraft:enderman":1},"minecraft:mined":{"minecraft:spruce_planks":5,"minecraft:white_bed":4,"minecraft:farmland":26,"minecraft:cherry_log":622,"minecraft:obsidian":1,"minecraft:cherry_trapdoor":35,"minecraft:granite":42,"minecraft:grass_block":1121,"minecraft:hopper":14,"minecraft:spawner":1,"minecraft:glowstone":1,"minecraft:dark_oak_trapdoor":3,"minecraft:iron_ore":165,"minecraft:cobbled_deepslate":15,"minecraft:fire":1,"minecraft:pumpkin":44,"minecraft:deepslate_lapis_ore":2,"chococraft:gysahl_green":1094,"minecraft:pointed_dripstone":9,"minecraft:dirt_path":58,"minecraft:oak_stairs":3,"minecraft:deepslate_redstone_ore":99,"minecraft:brown_mushroom":3,"minecraft:torch":15,"minecraft:calcite":7,"minecraft:poppy":1,"minecraft:melon":1,"minecraft:chest":36,"minecraft:glass":17,"minecraft:cobblestone":48,"minecraft:sugar_cane":13,"minecraft:oak_planks":29,"minecraft:wall_torch":25,"minecraft:amethyst_block":4,"minecraft:pink_petals":14,"minecraft:cherry_fence":369,"minecraft:birch_log":7,"minecraft:cherry_door":4,"minecraft:light_gray_wool":1,"minecraft:grass":789,"minecraft:oak_log":207,"minecraft:acacia_fence":1,"minecraft:sand":267,"minecraft:dirt":2302,"minecraft:smooth_basalt":5,"minecraft:raw_copper_block":1,"minecraft:oak_leaves":34,"minecraft:deepslate":604,"minecraft:tuff":37,"minecraft:deepslate_diamond_ore":18,"minecraft:oak_door":6,"minecraft:glow_lichen":1,"gravestone:gravestone":1,"minecraft:ladder":7,"minecraft:spruce_fence":1,"minecraft:spruce_leaves":4,"minecraft:hay_block":3,"minecraft:redstone_ore":9,"minecraft:furnace":21,"minecraft:carrots":8,"minecraft:andesite":111,"minecraft:bookshelf":2,"minecraft:potatoes":3,"minecraft:deepslate_iron_ore":106,"minecraft:vine":2,"minecraft:stone":1004,"minecraft:cherry_fence_gate":8,"minecraft:cherry_stairs":29,"minecraft:cake":1,"minecraft:cherry_planks":208,"minecraft:dandelion":7,"minecraft:oak_fence":3,"minecraft:crafting_table":14,"minecraft:rose_bush":2,"minecraft:copper_ore":56,"minecraft:tall_grass":67,"minecraft:lapis_ore":4,"minecraft:deepslate_gold_ore":40,"minecraft:diorite":58,"minecraft:spruce_stairs":1,"minecraft:spruce_log":11,"minecraft:birch_leaves":4,"minecraft:yellow_bed":27,"minecraft:coal_ore":378,"minecraft:cherry_leaves":81,"minecraft:sunflower":6,"minecraft:gravel":23,"minecraft:cobweb":55,"minecraft:gold_ore":34,"minecraft:birch_fence":1},"minecraft:broken":{"minecraft:iron_shovel":13,"minecraft:wooden_shovel":1,"minecraft:iron_chestplate":1,"minecraft:iron_leggings":1,"minecraft:stone_pickaxe":3,"minecraft:stone_axe":2,"minecraft:wooden_axe":1,"minecraft:stone_hoe":2,"minecraft:iron_axe":7,"minecraft:iron_pickaxe":4,"minecraft:iron_helmet":1},"minecraft:custom":{"minecraft:animals_bred":81,"minecraft:interact_with_crafting_table":176,"minecraft:open_barrel":1,"minecraft:eat_cake_slice":7,"minecraft:leave_game":14,"minecraft:time_since_death":378767,"minecraft:sprint_one_cm":1663465,"minecraft:damage_blocked_by_shield":4850,"minecraft:drop":1237,"minecraft:talked_to_villager":8,"minecraft:play_time":1601073,"minecraft:deaths":11,"minecraft:jump":8511,"minecraft:walk_on_water_one_cm":201983,"minecraft:interact_with_furnace":229,"minecraft:sleep_in_bed":36,"minecraft:damage_dealt":38117,"minecraft:player_kills":3,"minecraft:crouch_one_cm":4030,"minecraft:use_cauldron":1,"minecraft:interact_with_smithing_table":7,"minecraft:mob_kills":265,"minecraft:inspect_hopper":23,"minecraft:fill_cauldron":1,"minecraft:climb_one_cm":31757,"minecraft:walk_one_cm":6278701,"minecraft:sneak_time":3874,"minecraft:walk_under_water_one_cm":130620,"minecraft:interact_with_blast_furnace":1,"minecraft:total_world_time":1601073,"minecraft:time_since_rest":378806,"minecraft:damage_taken":9955,"minecraft:swim_one_cm":36200,"minecraft:fly_one_cm":1858625,"minecraft:open_chest":773,"minecraft:fall_one_cm":162487},"minecraft:crafted":{"minecraft:oak_planks":748,"minecraft:cooked_chicken":5,"minecraft:cherry_boat":1,"minecraft:stone":65,"minecraft:cooked_mutton":30,"minecraft:hopper":8,"minecraft:cake":3,"minecraft:glass":187,"minecraft:diamond_leggings":1,"minecraft:raw_copper":9,"minecraft:chest":34,"minecraft:stone_hoe":3,"minecraft:cherry_fence":261,"minecraft:wooden_shovel":2,"minecraft:cooked_porkchop":51,"minecraft:diamond_axe":2,"minecraft:crafting_table":6,"minecraft:wooden_pickaxe":1,"minecraft:baked_potato":10,"chococraft:chocopedia":1,"minecraft:copper_ingot":177,"minecraft:birch_planks":28,"minecraft:paper":3,"minecraft:book":1,"minecraft:diamond_pickaxe":1,"minecraft:shield":2,"minecraft:stick":738,"minecraft:iron_ingot":234,"minecraft:iron_pickaxe":5,"minecraft:stone_sword":2,"minecraft:gold_ingot":67,"chococraft:chocobo_saddle_pack":1,"minecraft:cherry_planks":2452,"minecraft:oak_door":3,"chococraft:chocobo_drumstick_cooked":7,"minecraft:furnace":2,"minecraft:oak_trapdoor":2,"chococraft:chocobo_saddle_bags":2,"minecraft:cherry_trapdoor":66,"minecraft:iron_axe":7,"chococraft:choco_disguise_leggings":3,"minecraft:ladder":6,"minecraft:cherry_stairs":36,"minecraft:stone_pickaxe":5,"minecraft:cherry_fence_gate":6,"minecraft:wheat":18,"minecraft:cooked_beef":25,"minecraft:sugar":7,"chococraft:choco_disguise_boots":3,"minecraft:bucket":4,"minecraft:stone_axe":2,"minecraft:air":0,"minecraft:wooden_axe":1,"minecraft:oak_stairs":24,"minecraft:iron_shovel":16,"minecraft:cherry_door":6,"chococraft:chocobo_saddle":4,"chococraft:choco_disguise_chestplate":3,"minecraft:white_bed":2,"minecraft:torch":626,"chococraft:choco_disguise_helmet":3,"minecraft:diamond_chestplate":1},"minecraft:used":{"minecraft:cherry_sapling":35,"minecraft:iron_shovel":3333,"minecraft:ladder":24,"minecraft:chest":60,"minecraft:shield":222,"minecraft:stone":532,"minecraft:rotten_flesh":5,"chococraft:chocobo_drumstick_cooked":6,"minecraft:carrot":19,"minecraft:tuff":11,"minecraft:glass":130,"minecraft:lava_bucket":8,"minecraft:grass_block":237,"minecraft:furnace":24,"minecraft:egg":1,"minecraft:diorite":11,"minecraft:stone_pickaxe":537,"minecraft:oak_planks":43,"minecraft:wooden_pickaxe":17,"minecraft:sugar_cane":2,"minecraft:diamond_axe":1937,"minecraft:sand":9,"minecraft:birch_fence":99,"minecraft:birch_fence_gate":31,"minecraft:gravel":1,"chococraft:gold_chocobo_spawn_egg":1,"minecraft:andesite":43,"chococraft:gysahl_green":117,"minecraft:oak_fence":15,"minecraft:cherry_boat":1,"minecraft:oak_trapdoor":2,"minecraft:netherite_sword":16,"minecraft:stone_sword":102,"minecraft:wooden_shovel":65,"minecraft:cooked_chicken":5,"minecraft:stone_hoe":452,"minecraft:oak_door":7,"minecraft:torch":411,"minecraft:dirt":2600,"minecraft:hopper":20,"minecraft:granite":1,"minecraft:wooden_axe":46,"minecraft:iron_axe":1512,"minecraft:oak_stairs":21,"minecraft:chicken_spawn_egg":21,"minecraft:cherry_trapdoor":81,"minecraft:cherry_fence_gate":10,"minecraft:light_gray_wool":1,"minecraft:cherry_fence":564,"minecraft:cooked_beef":19,"minecraft:pumpkin":1,"minecraft:cobbled_deepslate":189,"minecraft:cooked_mutton":35,"minecraft:water_bucket":57,"minecraft:lead":7,"minecraft:cherry_planks":1536,"minecraft:cauldron":1,"minecraft:sheep_spawn_egg":5,"minecraft:crafting_table":39,"minecraft:white_bed":3,"minecraft:cake":2,"minecraft:spruce_log":5,"minecraft:oak_log":11,"minecraft:diamond_pickaxe":1087,"minecraft:apple":2,"minecraft:diamond_shovel":46,"minecraft:cherry_door":11,"chococraft:gysahl_green_seeds":924,"minecraft:pig_spawn_egg":7,"minecraft:iron_pickaxe":1411,"minecraft:stone_axe":215,"minecraft:cherry_stairs":62,"minecraft:cobblestone":484,"minecraft:cooked_porkchop":18,"minecraft:bucket":63,"minecraft:yellow_bed":27},"minecraft:picked_up":{"minecraft:iron_chestplate":4,"chococraft:loverly_gysahl_green":144,"minecraft:wheat":7,"minecraft:lead":73,"minecraft:oak_stairs":6,"minecraft:string":73,"minecraft:dark_oak_trapdoor":3,"minecraft:raw_copper":188,"minecraft:iron_leggings":4,"minecraft:cherry_boat":1,"minecraft:cobbled_deepslate":575,"minecraft:spruce_planks":4,"minecraft:rose_bush":2,"minecraft:iron_pickaxe":4,"minecraft:melon_slice":4,"minecraft:furnace":18,"minecraft:iron_boots":4,"minecraft:stick":61,"minecraft:oak_fence":4,"minecraft:torch":64,"minecraft:spruce_stairs":1,"minecraft:porkchop":93,"minecraft:cherry_log":613,"minecraft:pointed_dripstone":14,"minecraft:diorite":57,"minecraft:golden_chestplate":1,"minecraft:rotten_flesh":70,"chococraft:chocobo_drumstick_cooked":2,"chococraft:chocobo_drumstick_raw":23,"minecraft:obsidian":1,"minecraft:cobblestone":1077,"minecraft:birch_log":7,"minecraft:pink_petals":40,"minecraft:feather":76,"minecraft:cherry_planks":278,"minecraft:water_bucket":2,"minecraft:andesite":84,"minecraft:brown_wool":2,"minecraft:potato":10,"minecraft:flint":1,"minecraft:tuff":34,"minecraft:cherry_fence":368,"minecraft:cherry_door":7,"minecraft:lapis_lazuli":62,"minecraft:dirt":3720,"minecraft:bone":41,"minecraft:glass":33,"minecraft:bow":3,"minecraft:wheat_seeds":157,"minecraft:raw_gold":79,"minecraft:diamond_helmet":1,"minecraft:glowstone_dust":3,"minecraft:stone_hoe":1,"minecraft:oak_planks":29,"minecraft:sheep_spawn_egg":1,"minecraft:cooked_porkchop":16,"minecraft:pig_spawn_egg":1,"minecraft:birch_fence_gate":5,"minecraft:sand":259,"minecraft:ink_sac":1,"minecraft:dead_bush":1,"minecraft:grass_block":1,"minecraft:sugar":1,"minecraft:diamond":18,"minecraft:granite":40,"minecraft:oak_sapling":6,"minecraft:crafting_table":15,"chococraft:gold_chocobo_spawn_egg":2,"minecraft:azure_bluet":1,"minecraft:chicken":76,"minecraft:ladder":7,"minecraft:brown_mushroom":3,"minecraft:shield":1,"minecraft:cornflower":2,"minecraft:iron_axe":6,"minecraft:birch_fence":1,"minecraft:netherite_sword":1,"minecraft:beef":42,"minecraft:poppy":8,"minecraft:light_gray_wool":4,"minecraft:sugar_cane":23,"minecraft:chest":30,"minecraft:spruce_trapdoor":1,"minecraft:cherry_trapdoor":35,"minecraft:raw_copper_block":1,"minecraft:egg":76,"minecraft:raw_iron":294,"minecraft:stone":512,"minecraft:cherry_stairs":43,"minecraft:oak_door":6,"minecraft:spruce_fence":1,"minecraft:carrot":32,"minecraft:redstone":443,"minecraft:cherry_fence_gate":8,"minecraft:arrow":36,"minecraft:hay_block":2,"chococraft:pink_chocobo_spawn_egg":1,"minecraft:saddle":4,"minecraft:gold_ingot":3,"chococraft:red_chocobo_spawn_egg":1,"minecraft:mutton":50,"minecraft:rail":2,"minecraft:white_wool":34,"minecraft:oxeye_daisy":1,"minecraft:netherite_boots":1,"chococraft:white_chocobo_spawn_egg":2,"minecraft:leather":27,"chococraft:black_chocobo_spawn_egg":2,"chococraft:chocobo_saddle":4,"minecraft:oak_log":202,"minecraft:yellow_bed":27,"minecraft:gunpowder":6,"minecraft:cooked_mutton":30,"chococraft:chocobo_feather":473,"chococraft:gysahl_green":3743,"minecraft:apple":2,"chococraft:gold_gysahl":45,"minecraft:iron_ingot":13,"minecraft:stone_pickaxe":1,"minecraft:book":6,"chococraft:flame_chocobo_spawn_egg":1,"minecraft:smooth_basalt":4,"minecraft:pumpkin":45,"minecraft:dandelion":20,"minecraft:gravel":36,"minecraft:lava_bucket":4,"chococraft:gysahl_green_seeds":1283,"minecraft:white_bed":3,"minecraft:spruce_log":10,"minecraft:spider_eye":9,"chococraft:chocobo_whistle":3,"minecraft:iron_helmet":4,"minecraft:diamond_axe":3,"minecraft:cherry_sapling":97,"minecraft:gray_wool":1,"minecraft:black_wool":4,"minecraft:coal":440,"minecraft:hopper":14,"minecraft:ender_pearl":1,"minecraft:sunflower":7}},"DataVersion":3465}