{"stats":{"minecraft:mined":{"minecraft:dark_oak_planks":24,"minecraft:spruce_planks":3,"minecraft:jungle_leaves":2,"minecraft:cave_vines_plant":3,"minecraft:granite":20,"minecraft:grass_block":54,"minecraft:jungle_log":59,"minecraft:light_gray_bed":4,"minecraft:hopper":5,"minecraft:spawner":3,"minecraft:cobbled_deepslate":206,"minecraft:iron_ore":128,"minecraft:fire":1,"minecraft:barrel":2,"minecraft:pumpkin":12,"minecraft:deepslate_lapis_ore":37,"minecraft:azure_bluet":1,"chococraft:gysahl_green":59,"minecraft:cave_vines":4,"minecraft:flowering_azalea_leaves":1,"minecraft:iron_bars":2,"minecraft:azalea_leaves":2,"minecraft:azalea":1,"minecraft:polished_granite_stairs":1,"minecraft:spruce_slab":4,"minecraft:tripwire":7,"minecraft:deepslate_redstone_ore":133,"minecraft:clay":48,"minecraft:torch":40,"minecraft:note_block":3,"minecraft:chest":15,"minecraft:cobblestone":246,"minecraft:iron_door":4,"minecraft:wall_torch":154,"minecraft:deepslate_copper_ore":2,"minecraft:skeleton_skull":2,"minecraft:seagrass":8,"minecraft:dark_oak_slab":17,"minecraft:birch_log":100,"minecraft:birch_trapdoor":4,"minecraft:black_bed":1,"minecraft:smooth_stone_slab":1,"minecraft:grass":39,"minecraft:oak_log":36,"minecraft:sand":1,"minecraft:dirt":157,"minecraft:tripwire_hook":2,"minecraft:wither_skeleton_skull":3,"minecraft:red_mushroom_block":1,"minecraft:oak_leaves":4,"minecraft:deepslate":4263,"minecraft:tuff":229,"minecraft:mossy_cobblestone":64,"minecraft:dark_oak_leaves":6,"minecraft:deepslate_diamond_ore":46,"minecraft:dark_oak_log":303,"minecraft:ladder":3,"minecraft:dark_oak_pressure_plate":1,"gravestone:gravestone":6,"minecraft:dark_oak_fence":2,"minecraft:allium":2,"minecraft:spruce_fence":1,"minecraft:redstone_wire":2,"minecraft:moss_block":20,"minecraft:large_fern":1,"minecraft:hay_block":20,"minecraft:redstone_ore":13,"minecraft:oak_trapdoor":25,"minecraft:furnace":3,"minecraft:heavy_weighted_pressure_plate":1,"minecraft:andesite":125,"minecraft:stripped_spruce_log":6,"minecraft:bookshelf":32,"minecraft:deepslate_iron_ore":85,"minecraft:vine":7,"minecraft:rail":1,"minecraft:stone":1026,"minecraft:oak_slab":6,"minecraft:flowering_azalea":1,"minecraft:glass_pane":1,"minecraft:stripped_dark_oak_log":2,"minecraft:dandelion":2,"minecraft:polished_granite":17,"minecraft:crafting_table":11,"minecraft:cornflower":1,"minecraft:tall_grass":5,"minecraft:deepslate_coal_ore":14,"minecraft:deepslate_gold_ore":22,"minecraft:lapis_ore":15,"minecraft:diorite":30,"minecraft:spruce_stairs":2,"minecraft:black_stained_glass":6,"minecraft:birch_planks":2,"minecraft:birch_leaves":14,"minecraft:coal_ore":201,"minecraft:end_rod":1,"minecraft:gravel":91,"minecraft:stone_bricks":5,"minecraft:polished_andesite":16,"minecraft:gold_ore":6,"minecraft:mossy_stone_bricks":5,"minecraft:deepslate_emerald_ore":3,"minecraft:iron_trapdoor":2,"minecraft:fern":6},"minecraft:broken":{"minecraft:iron_boots":1,"minecraft:stone_pickaxe":13,"minecraft:stone_axe":2,"minecraft:wooden_axe":1,"minecraft:fishing_rod":1,"minecraft:iron_axe":2,"minecraft:iron_pickaxe":10,"minecraft:iron_helmet":1},"minecraft:used":{"minecraft:ladder":148,"minecraft:chest":20,"minecraft:shield":137,"minecraft:rotten_flesh":1,"minecraft:carrot":17,"minecraft:tuff":87,"minecraft:axolotl_bucket":1,"minecraft:lava_bucket":1,"minecraft:dark_oak_slab":21,"minecraft:stone_bricks":5,"minecraft:birch_trapdoor":5,"minecraft:bow":1,"minecraft:dark_oak_boat":6,"minecraft:furnace":6,"minecraft:cooked_cod":101,"minecraft:mossy_stone_bricks":3,"minecraft:diorite":19,"minecraft:stone_pickaxe":1782,"minecraft:ender_pearl":1,"minecraft:diamond_axe":468,"minecraft:golden_apple":4,"minecraft:glow_berries":60,"minecraft:note_block":4,"minecraft:melon_slice":40,"minecraft:string":12,"minecraft:heavy_weighted_pressure_plate":2,"minecraft:bread":16,"minecraft:polished_granite":8,"minecraft:gravel":14,"minecraft:iron_door":6,"minecraft:andesite":9,"chococraft:gysahl_green":19,"minecraft:oak_boat":1,"minecraft:oak_trapdoor":26,"minecraft:stone_sword":86,"minecraft:redstone":8,"minecraft:wooden_shovel":88,"minecraft:torch":553,"minecraft:dirt":95,"minecraft:anvil":1,"minecraft:hopper":6,"minecraft:granite":5,"minecraft:dark_oak_planks":187,"minecraft:wooden_axe":100,"minecraft:iron_axe":593,"minecraft:tripwire_hook":4,"minecraft:iron_trapdoor":2,"minecraft:cooked_beef":4,"minecraft:cobbled_deepslate":1100,"minecraft:light_gray_bed":4,"minecraft:cooked_mutton":6,"minecraft:water_bucket":58,"minecraft:birch_planks":4,"minecraft:mossy_cobblestone":54,"minecraft:oak_slab":10,"minecraft:crafting_table":16,"minecraft:diamond_pickaxe":3105,"minecraft:apple":2,"minecraft:iron_pickaxe":2530,"minecraft:stone_axe":180,"minecraft:fishing_rod":365,"travelersbackpack:standard":5,"minecraft:cobblestone":740,"minecraft:cooked_porkchop":6,"minecraft:bucket":58,"minecraft:pumpkin_pie":1},"minecraft:dropped":{"chococraft:loverly_gysahl_green":2,"minecraft:oak_log":3,"minecraft:diamond":5,"minecraft:dark_oak_sapling":3,"minecraft:chest_minecart":2,"minecraft:jungle_planks":64,"minecraft:black_banner":2,"minecraft:rail":17,"minecraft:dirt":72,"minecraft:jungle_sapling":7,"gravestone:obituary":7,"minecraft:pumpkin_pie":1,"minecraft:dark_oak_planks":28,"minecraft:light_blue_banner":2,"minecraft:white_wool":3,"minecraft:gravel":102,"minecraft:cobbled_deepslate":1957,"minecraft:birch_sapling":27,"minecraft:stripped_dark_oak_log":1,"minecraft:rotten_flesh":116,"minecraft:azure_bluet":1,"minecraft:carrot":1,"minecraft:heavy_weighted_pressure_plate":1,"minecraft:skeleton_skull":3,"minecraft:melon_seeds":4,"minecraft:chest":4,"minecraft:painting":3,"minecraft:spruce_slab":6,"minecraft:iron_bars":2,"minecraft:polished_granite":1,"minecraft:bread":2,"minecraft:wheat_seeds":2,"chococraft:gold_gysahl":2,"minecraft:cobblestone":485,"chococraft:gysahl_green_seeds":34,"minecraft:activator_rail":3,"minecraft:stick":6,"minecraft:gray_wool":1,"minecraft:diorite":6,"minecraft:torch":4,"minecraft:melon_slice":16,"minecraft:flowering_azalea":1,"minecraft:string":4,"minecraft:dandelion":1,"minecraft:bowl":1,"minecraft:tuff":102,"minecraft:red_banner":1,"minecraft:clay_ball":4,"minecraft:shears":1,"minecraft:pumpkin_seeds":4,"minecraft:diamond_pickaxe":1,"minecraft:andesite":31,"minecraft:mossy_stone_bricks":2,"minecraft:oak_sapling":6,"minecraft:spider_eye":2,"minecraft:bow":1,"minecraft:stone_pickaxe":1,"chococraft:gysahl_green":49},"minecraft:custom":{"minecraft:interact_with_crafting_table":121,"minecraft:open_barrel":40,"minecraft:leave_game":4,"minecraft:time_since_death":273196,"minecraft:sprint_one_cm":833160,"minecraft:damage_blocked_by_shield":3205,"minecraft:drop":637,"minecraft:play_noteblock":4,"minecraft:talked_to_villager":1,"minecraft:play_time":988816,"minecraft:deaths":4,"minecraft:jump":6702,"minecraft:walk_on_water_one_cm":338017,"minecraft:interact_with_furnace":67,"minecraft:interact_with_loom":1,"minecraft:sleep_in_bed":7,"minecraft:damage_dealt":37046,"minecraft:player_kills":1,"minecraft:crouch_one_cm":35167,"minecraft:interact_with_smithing_table":4,"minecraft:mob_kills":238,"minecraft:interact_with_anvil":3,"minecraft:inspect_hopper":1,"minecraft:climb_one_cm":321415,"minecraft:walk_one_cm":2509519,"minecraft:sneak_time":32724,"minecraft:walk_under_water_one_cm":231339,"minecraft:interact_with_lectern":2,"minecraft:total_world_time":988816,"minecraft:tune_noteblock":3790,"minecraft:time_since_rest":156332,"minecraft:damage_taken":11639,"minecraft:damage_absorbed":42,"minecraft:swim_one_cm":218773,"minecraft:fly_one_cm":314140,"minecraft:open_chest":382,"minecraft:fish_caught":61,"minecraft:fall_one_cm":136661},"minecraft:picked_up":{"chococraft:loverly_gysahl_green":9,"minecraft:wheat":24,"minecraft:iron_trapdoor":2,"minecraft:lead":10,"minecraft:enchanted_book":2,"minecraft:music_disc_cat":1,"minecraft:string":24,"minecraft:pufferfish":3,"minecraft:activator_rail":3,"minecraft:cobbled_deepslate":4603,"minecraft:azalea":1,"minecraft:melon_slice":32,"minecraft:furnace":3,"minecraft:stick":40,"minecraft:birch_trapdoor":4,"minecraft:torch":240,"minecraft:spruce_stairs":2,"minecraft:porkchop":6,"minecraft:diorite":26,"minecraft:stone_sword":1,"minecraft:rotten_flesh":218,"minecraft:light_gray_bed":4,"minecraft:tropical_fish":2,"chococraft:chocobo_drumstick_raw":2,"minecraft:cod":28,"minecraft:iron_bars":6,"minecraft:cobblestone":1584,"minecraft:nautilus_shell":1,"minecraft:birch_log":116,"minecraft:feather":1,"minecraft:iron_door":5,"minecraft:andesite":136,"minecraft:jungle_log":111,"minecraft:dark_oak_boat":6,"minecraft:potato":1,"minecraft:flint":11,"minecraft:tuff":228,"minecraft:wither_skeleton_skull":7,"minecraft:lapis_lazuli":340,"minecraft:dirt":291,"minecraft:polished_granite":17,"minecraft:name_tag":1,"minecraft:leather_boots":1,"minecraft:bone":29,"minecraft:bow":3,"minecraft:wheat_seeds":8,"minecraft:raw_gold":28,"minecraft:dark_oak_sign":1,"minecraft:mossy_stone_bricks":9,"minecraft:moss_block":21,"minecraft:oak_planks":1,"minecraft:cooked_porkchop":6,"minecraft:jungle_planks":128,"minecraft:stripped_spruce_log":6,"minecraft:mossy_cobblestone":63,"minecraft:dark_oak_log":233,"minecraft:diamond":51,"minecraft:granite":18,"minecraft:emerald":3,"minecraft:oak_sapling":8,"minecraft:dark_oak_fence":2,"minecraft:diamond_pickaxe":1,"minecraft:crafting_table":11,"minecraft:azure_bluet":1,"minecraft:chicken":1,"minecraft:ladder":4,"minecraft:clay_ball":192,"minecraft:chest_minecart":2,"minecraft:diamond_horse_armor":1,"gravestone:obituary":5,"minecraft:heavy_weighted_pressure_plate":1,"minecraft:oak_trapdoor":25,"minecraft:iron_axe":2,"minecraft:compass":1,"minecraft:beef":8,"minecraft:oak_boat":1,"minecraft:jungle_sapling":7,"minecraft:spruce_slab":6,"minecraft:chest":17,"minecraft:birch_sapling":31,"minecraft:dark_oak_sapling":25,"minecraft:raw_iron":216,"minecraft:bowl":2,"minecraft:note_block":3,"minecraft:carrot":1,"minecraft:redstone":644,"minecraft:dark_oak_planks":23,"minecraft:arrow":25,"minecraft:pumpkin_pie":2,"minecraft:shears":1,"minecraft:hay_block":24,"minecraft:black_banner":1,"minecraft:glow_berries":24,"minecraft:mutton":6,"minecraft:white_wool":8,"minecraft:skeleton_skull":3,"minecraft:rail":17,"minecraft:tripwire_hook":2,"minecraft:glow_ink_sac":1,"minecraft:salmon":16,"minecraft:leather":5,"minecraft:birch_planks":1,"minecraft:oak_log":36,"chococraft:chocobo_feather":11,"chococraft:gysahl_green":139,"minecraft:apple":2,"minecraft:stone_bricks":5,"chococraft:gold_gysahl":7,"minecraft:iron_ingot":1,"minecraft:stone_pickaxe":2,"minecraft:flowering_azalea":1,"minecraft:book":96,"minecraft:oak_slab":8,"minecraft:dark_oak_slab":17,"minecraft:pumpkin":12,"minecraft:dandelion":1,"minecraft:gravel":116,"chococraft:gysahl_green_seeds":42,"minecraft:spider_eye":7,"minecraft:pumpkin_seeds":9,"minecraft:stone_axe":1,"minecraft:painting":6,"minecraft:gray_wool":2,"minecraft:stripped_dark_oak_log":1,"minecraft:melon_seeds":8,"minecraft:coal":302,"minecraft:hopper":5,"minecraft:ender_pearl":1},"minecraft:killed_by":{"minecraft:zombie":1},"minecraft:killed":{"minecraft:cave_spider":3,"minecraft:spider":7,"minecraft:skeleton":34,"minecraft:chicken":1,"minecraft:pig":3,"minecraft:zombie_villager":1,"minecraft:creeper":2,"minecraft:sheep":4,"minecraft:zombie":165,"minecraft:glow_squid":1,"minecraft:cow":4,"chococraft:chocobo":1,"minecraft:drowned":3,"minecraft:bat":2},"minecraft:crafted":{"minecraft:oak_planks":28,"chococraft:chocobo_whistle":1,"minecraft:dark_oak_boat":2,"minecraft:heavy_weighted_pressure_plate":2,"minecraft:cooked_mutton":6,"minecraft:hopper":1,"minecraft:iron_boots":1,"minecraft:chest":9,"minecraft:iron_door":3,"minecraft:oak_slab":6,"minecraft:wooden_shovel":2,"minecraft:diamond_axe":1,"minecraft:crafting_table":7,"minecraft:spruce_planks":4,"minecraft:iron_helmet":5,"minecraft:birch_planks":138,"minecraft:dark_oak_slab":6,"minecraft:iron_chestplate":1,"minecraft:shield":2,"minecraft:diamond_pickaxe":2,"minecraft:stick":511,"minecraft:iron_ingot":201,"minecraft:iron_pickaxe":10,"minecraft:iron_block":3,"minecraft:gold_ingot":16,"minecraft:fishing_rod":2,"minecraft:tripwire_hook":2,"minecraft:furnace":3,"minecraft:oak_trapdoor":2,"minecraft:iron_axe":3,"minecraft:ladder":162,"minecraft:stone_pickaxe":14,"minecraft:dark_oak_planks":560,"minecraft:wheat":192,"minecraft:cooked_beef":4,"minecraft:iron_trapdoor":1,"minecraft:stone_axe":1,"minecraft:bread":72,"minecraft:air":0,"minecraft:oak_boat":1,"minecraft:wooden_axe":2,"minecraft:birch_trapdoor":2,"minecraft:iron_leggings":1,"chococraft:chocobo_saddle":1,"minecraft:anvil":1,"minecraft:note_block":1,"minecraft:torch":316}},"DataVersion":3465}