{"stats":{"minecraft:used":{"minecraft:spruce_slab":5,"minecraft:spruce_planks":66,"minecraft:shield":50,"minecraft:mossy_stone_brick_slab":7,"travelersbackpack:bat":2,"minecraft:torch":27,"minecraft:dirt":2,"minecraft:granite":7,"minecraft:spruce_boat":1,"minecraft:wooden_axe":156,"minecraft:stone_brick_stairs":1,"minecraft:stone_bricks":25,"minecraft:bow":31,"minecraft:sweet_berries":107,"minecraft:furnace":1,"minecraft:cooked_mutton":3,"minecraft:diorite":1,"minecraft:stone_pickaxe":177,"minecraft:wooden_pickaxe":116,"minecraft:diamond_axe":226,"minecraft:crafting_table":13,"minecraft:spruce_log":6,"chococraft:gysahl_green_seeds":3,"minecraft:bread":4,"minecraft:iron_pickaxe":566,"minecraft:stone_axe":93,"minecraft:wooden_sword":32,"minecraft:cobblestone":236,"minecraft:andesite":2,"chococraft:gysahl_green":26},"minecraft:crafted":{"minecraft:wooden_sword":1,"minecraft:mossy_stone_brick_slab":12,"minecraft:furnace":1,"minecraft:cooked_mutton":3,"minecraft:spruce_slab":6,"minecraft:stone_pickaxe":2,"minecraft:spruce_boat":1,"minecraft:diamond_axe":1,"minecraft:crafting_table":7,"minecraft:spruce_planks":264,"minecraft:wooden_pickaxe":2,"minecraft:stone_axe":1,"minecraft:shield":1,"minecraft:stick":20,"minecraft:iron_pickaxe":1,"minecraft:wooden_axe":3},"minecraft:killed_by":{"spore:inf_human":1},"minecraft:dropped":{"minecraft:brown_mushroom":1,"minecraft:diamond_leggings":2,"chococraft:gysahl_green_seeds":9,"minecraft:stick":3,"minecraft:dirt":13,"minecraft:snowball":14,"gravestone:obituary":13,"minecraft:white_wool":4,"minecraft:stone_brick_slab":4,"minecraft:gravel":4,"minecraft:sweet_berries":3,"minecraft:cobbled_deepslate":25,"minecraft:andesite_slab":1,"minecraft:rotten_flesh":2,"minecraft:oak_planks":10,"minecraft:spruce_planks":2,"minecraft:jungle_stairs":2,"minecraft:andesite":65,"minecraft:mossy_stone_bricks":1,"spore:vent_door":1,"minecraft:stone_bricks":12,"minecraft:spruce_slab":2,"minecraft:stone_brick_stairs":1},"minecraft:mined":{"minecraft:dark_prismarine":4,"spore:fungal_roots":2,"minecraft:tuff":9,"minecraft:spruce_planks":23,"spore:wall_growths_big":10,"spore:wall_growths":1,"minecraft:mossy_cobblestone":2,"minecraft:jungle_slab":3,"spore:lab_block3":1,"gravestone:gravestone":12,"minecraft:spruce_trapdoor":4,"minecraft:granite":72,"minecraft:chiseled_polished_blackstone":1,"minecraft:grass_block":21,"minecraft:jungle_planks":16,"minecraft:spruce_leaves":17,"spore:growths_small":1,"minecraft:spawner":3,"minecraft:oak_trapdoor":1,"minecraft:furnace":1,"spore:blomfung":4,"minecraft:iron_ore":29,"spore:infested_stone":5,"spore:cdu":1,"minecraft:andesite":84,"minecraft:stripped_spruce_log":1,"minecraft:peony":3,"chococraft:gysahl_green":10,"minecraft:rail":2,"minecraft:vine":2,"minecraft:oak_stairs":1,"minecraft:iron_bars":5,"minecraft:packed_ice":3,"minecraft:stone":358,"spore:vent_plate":2,"minecraft:deepslate_redstone_ore":11,"minecraft:brown_mushroom":1,"minecraft:glass_pane":1,"spore:vent_door":2,"minecraft:observer":2,"minecraft:stone_brick_slab":5,"minecraft:oak_fence":18,"minecraft:crafting_table":7,"minecraft:torch":1,"minecraft:jungle_stairs":3,"minecraft:poppy":1,"minecraft:andesite_slab":1,"minecraft:copper_ore":1,"minecraft:cobblestone":9,"minecraft:lapis_ore":2,"minecraft:oak_planks":2,"minecraft:diorite":6,"minecraft:black_wall_banner":6,"spore:bloomfung2":3,"minecraft:wheat":5,"minecraft:blue_ice":2,"minecraft:sweet_berry_bush":29,"minecraft:ice":5,"minecraft:spruce_log":141,"minecraft:grass":1,"minecraft:coal_ore":96,"minecraft:oak_log":8,"minecraft:mycelium":3,"minecraft:gravel":11,"minecraft:sand":1,"minecraft:dirt":18,"minecraft:cobweb":28,"minecraft:acacia_planks":2,"minecraft:stone_bricks":51,"minecraft:mossy_stone_bricks":22,"minecraft:deepslate":21,"spore:remains":4,"minecraft:fern":2},"minecraft:killed":{"spore:inf_hazmat":2,"minecraft:cave_spider":25,"minecraft:spider":2,"minecraft:skeleton":13,"minecraft:zombie_villager":1,"minecraft:creeper":3,"minecraft:sheep":7,"spore:inf_villager":1,"minecraft:zombie":9,"spore:inf_human":1},"minecraft:picked_up":{"chococraft:loverly_gysahl_green":1,"minecraft:crafting_table":7,"minecraft:wheat":5,"travelersbackpack:bat":1,"minecraft:brown_mushroom":1,"minecraft:stone_brick_stairs":2,"gravestone:obituary":4,"minecraft:string":45,"minecraft:diamond_leggings":1,"minecraft:cobbled_deepslate":25,"minecraft:spruce_planks":52,"minecraft:observer":2,"minecraft:spruce_slab":2,"minecraft:furnace":1,"minecraft:stick":21,"minecraft:raw_iron":29,"minecraft:oak_fence":5,"minecraft:torch":2,"minecraft:spruce_fence":1,"minecraft:diorite":5,"minecraft:redstone":49,"minecraft:arrow":18,"minecraft:rotten_flesh":4,"minecraft:jungle_stairs":4,"minecraft:black_banner":5,"minecraft:mutton":9,"minecraft:rail":7,"minecraft:snowball":14,"minecraft:white_wool":11,"minecraft:cobblestone":312,"spore:cdu":1,"minecraft:feather":2,"minecraft:andesite":73,"minecraft:tuff":9,"minecraft:oak_log":8,"minecraft:gunpowder":1,"minecraft:lapis_lazuli":17,"minecraft:dirt":31,"minecraft:light_gray_concrete_powder":1,"chococraft:chocobo_feather":1,"minecraft:bone":15,"chococraft:gysahl_green":26,"minecraft:stone_bricks":45,"minecraft:bow":1,"minecraft:wheat_seeds":13,"minecraft:orange_tulip":2,"minecraft:mossy_stone_bricks":7,"minecraft:oak_planks":10,"spore:vent_door":1,"spore:cerebrum":1,"minecraft:chiseled_polished_blackstone":1,"minecraft:sweet_berries":83,"minecraft:stone_brick_slab":4,"minecraft:jungle_planks":16,"minecraft:gravel":4,"minecraft:spruce_sapling":26,"chococraft:gysahl_green_seeds":12,"minecraft:spruce_log":129,"minecraft:dark_prismarine":4,"minecraft:polished_andesite":2,"minecraft:spruce_boat":1,"minecraft:granite":61,"minecraft:bread":2,"spore:spine_fragment":2,"minecraft:andesite_slab":1,"minecraft:coal":96},"minecraft:custom":{"minecraft:mob_kills":67,"minecraft:interact_with_crafting_table":15,"minecraft:open_barrel":20,"minecraft:time_since_death":7585,"minecraft:climb_one_cm":2695,"minecraft:sprint_one_cm":285398,"minecraft:walk_one_cm":549470,"minecraft:damage_blocked_by_shield":1650,"minecraft:drop":45,"minecraft:talked_to_villager":2,"minecraft:play_time":184305,"minecraft:deaths":13,"minecraft:sneak_time":11587,"minecraft:walk_under_water_one_cm":36309,"minecraft:jump":1746,"minecraft:walk_on_water_one_cm":30048,"minecraft:total_world_time":184305,"minecraft:interact_with_furnace":3,"minecraft:sleep_in_bed":2,"minecraft:time_since_rest":7632,"minecraft:damage_taken":5701,"minecraft:damage_dealt":8433,"minecraft:swim_one_cm":18657,"minecraft:fly_one_cm":74795,"minecraft:open_chest":15,"minecraft:crouch_one_cm":8986,"minecraft:fall_one_cm":23450},"minecraft:broken":{"minecraft:wooden_pickaxe":2,"minecraft:stone_pickaxe":1,"minecraft:wooden_sword":1,"minecraft:stone_axe":1,"minecraft:iron_pickaxe":2,"minecraft:wooden_axe":2}},"DataVersion":3465}