{"stats":{"minecraft:picked_up":{"minecraft:iron_chestplate":4,"chococraft:loverly_gysahl_green":159,"minecraft:wheat":96,"minecraft:yellow_wool":2,"minecraft:lead":92,"minecraft:oak_stairs":7,"minecraft:amethyst_block":4,"minecraft:string":114,"minecraft:dark_oak_trapdoor":3,"minecraft:raw_copper":193,"minecraft:iron_leggings":4,"minecraft:pufferfish":3,"minecraft:cherry_boat":1,"minecraft:cobbled_deepslate":2282,"minecraft:bucket":1,"minecraft:spruce_planks":4,"minecraft:red_dye":37,"minecraft:rose_bush":21,"minecraft:cobblestone_slab":11,"minecraft:calcite":6,"minecraft:iron_pickaxe":5,"minecraft:melon_slice":4,"minecraft:crimson_sign":1,"minecraft:iron_boots":4,"minecraft:furnace":18,"minecraft:stick":81,"minecraft:oak_fence":4,"minecraft:torch":114,"minecraft:spruce_stairs":3,"minecraft:porkchop":96,"minecraft:cherry_log":695,"minecraft:pointed_dripstone":25,"minecraft:diorite":89,"minecraft:yellow_concrete_powder":3,"minecraft:golden_chestplate":1,"minecraft:rotten_flesh":129,"chococraft:chocobo_drumstick_cooked":2,"chococraft:chocobo_drumstick_raw":34,"minecraft:obsidian":5,"minecraft:cod":10,"minecraft:cobblestone":1266,"minecraft:birch_log":7,"minecraft:enchanting_table":1,"minecraft:pink_petals":40,"minecraft:feather":77,"minecraft:cherry_planks":303,"minecraft:water_bucket":2,"minecraft:andesite":103,"minecraft:brown_wool":2,"minecraft:potato":10,"minecraft:flint":5,"minecraft:tuff":243,"minecraft:cherry_fence":380,"minecraft:cherry_door":7,"minecraft:lapis_lazuli":310,"minecraft:dirt":4075,"minecraft:glass":33,"minecraft:bone":60,"minecraft:bow":5,"minecraft:wheat_seeds":417,"minecraft:raw_gold":114,"minecraft:diamond_helmet":1,"minecraft:glowstone_dust":3,"minecraft:stone_hoe":1,"minecraft:oak_planks":29,"minecraft:sheep_spawn_egg":1,"minecraft:cooked_porkchop":16,"minecraft:pig_spawn_egg":1,"minecraft:birch_fence_gate":5,"minecraft:sand":259,"minecraft:ink_sac":1,"minecraft:dead_bush":1,"minecraft:grass_block":1,"minecraft:mossy_cobblestone":3,"minecraft:sugar":1,"minecraft:diamond":73,"minecraft:granite":48,"minecraft:spruce_sign":1,"minecraft:oak_sapling":8,"minecraft:cherry_slab":8,"minecraft:bricks":12,"minecraft:crafting_table":19,"chococraft:gold_chocobo_spawn_egg":2,"minecraft:azure_bluet":1,"minecraft:chicken":77,"minecraft:ladder":7,"minecraft:brown_mushroom":3,"minecraft:shield":1,"minecraft:cornflower":2,"minecraft:iron_axe":7,"minecraft:iron_shovel":2,"minecraft:birch_fence":3,"minecraft:netherite_sword":1,"minecraft:beef":42,"minecraft:player_head":2,"minecraft:poppy":9,"minecraft:light_gray_wool":5,"minecraft:minecart":5,"minecraft:sugar_cane":27,"minecraft:chest":35,"minecraft:spruce_trapdoor":1,"minecraft:cherry_trapdoor":35,"minecraft:raw_copper_block":1,"minecraft:egg":86,"minecraft:raw_iron":404,"minecraft:sandstone":1,"minecraft:stone":512,"minecraft:cherry_stairs":43,"minecraft:oak_door":7,"minecraft:spruce_fence":1,"minecraft:carrot":351,"minecraft:redstone":1307,"minecraft:cherry_fence_gate":8,"minecraft:arrow":73,"minecraft:jungle_stairs":1,"minecraft:peony":18,"minecraft:hay_block":2,"chococraft:pink_chocobo_spawn_egg":1,"minecraft:saddle":4,"minecraft:gold_ingot":3,"chococraft:red_chocobo_spawn_egg":1,"minecraft:mutton":58,"minecraft:rail":5,"minecraft:white_wool":37,"minecraft:oxeye_daisy":1,"minecraft:netherite_boots":1,"chococraft:white_chocobo_spawn_egg":2,"minecraft:glow_ink_sac":8,"minecraft:salmon":9,"minecraft:leather":28,"minecraft:birch_planks":4,"chococraft:black_chocobo_spawn_egg":2,"chococraft:chocobo_saddle":4,"minecraft:oak_log":202,"minecraft:yellow_bed":29,"minecraft:gunpowder":10,"minecraft:white_banner":3,"minecraft:cooked_mutton":30,"chococraft:chocobo_feather":571,"minecraft:smooth_sandstone":1,"chococraft:gysahl_green":4109,"minecraft:apple":3,"chococraft:gold_gysahl":52,"minecraft:iron_ingot":17,"minecraft:stone_pickaxe":1,"minecraft:dark_oak_stairs":1,"minecraft:book":18,"chococraft:flame_chocobo_spawn_egg":1,"minecraft:smooth_basalt":12,"minecraft:pumpkin":45,"minecraft:yellow_concrete":5,"minecraft:red_wool":5,"minecraft:dandelion":20,"minecraft:raw_iron_block":4,"minecraft:dripstone_block":4,"minecraft:gravel":54,"minecraft:lava_bucket":4,"chococraft:gysahl_green_seeds":1485,"minecraft:white_bed":3,"minecraft:spruce_log":10,"minecraft:spider_eye":16,"minecraft:slime_ball":3,"chococraft:chocobo_whistle":3,"minecraft:iron_helmet":4,"minecraft:diamond_axe":3,"minecraft:cherry_sapling":98,"minecraft:gray_wool":2,"minecraft:black_wool":4,"minecraft:coal":678,"minecraft:hopper":14,"minecraft:sunflower":7,"minecraft:ender_pearl":2},"minecraft:dropped":{"minecraft:spruce_sign":2,"minecraft:brown_mushroom":3,"minecraft:porkchop":6,"minecraft:diamond_axe":3,"minecraft:oak_log":2,"chococraft:black_chocobo_spawn_egg":4,"minecraft:diamond":2,"minecraft:crafting_table":2,"minecraft:cooked_porkchop":14,"chococraft:gold_chocobo_spawn_egg":2,"minecraft:leather":7,"chococraft:white_chocobo_spawn_egg":4,"chococraft:chocopedia":1,"minecraft:saddle":4,"minecraft:rail":2,"minecraft:flint":1,"minecraft:dirt":938,"minecraft:birch_fence":3,"minecraft:dark_oak_trapdoor":3,"minecraft:mutton":2,"chococraft:red_chocobo_spawn_egg":2,"gravestone:obituary":2,"minecraft:sunflower":5,"minecraft:sugar":1,"minecraft:iron_pickaxe":9,"minecraft:white_wool":11,"minecraft:bone":20,"minecraft:gravel":45,"minecraft:sugar_cane":8,"minecraft:golden_chestplate":2,"minecraft:cobbled_deepslate":1468,"minecraft:pig_spawn_egg":2,"minecraft:wheat":7,"minecraft:netherite_sword":3,"minecraft:yellow_wool":1,"minecraft:pointed_dripstone":11,"minecraft:cherry_sapling":1,"minecraft:rotten_flesh":51,"minecraft:oak_planks":202,"minecraft:cooked_mutton":9,"minecraft:golden_shovel":1,"minecraft:white_bed":2,"minecraft:birch_fence_gate":5,"minecraft:poppy":3,"minecraft:gunpowder":1,"chococraft:chocobo_saddle":8,"minecraft:arrow":25,"minecraft:beef":6,"minecraft:cherry_fence":6,"minecraft:egg":2,"minecraft:water_bucket":2,"minecraft:iron_ingot":12,"minecraft:oak_slab":1,"minecraft:netherite_pickaxe":1,"minecraft:wheat_seeds":32,"minecraft:minecart":2,"minecraft:dripstone_block":4,"minecraft:iron_helmet":7,"minecraft:oak_fence":6,"minecraft:golden_axe":2,"minecraft:cobblestone":393,"minecraft:lead":11,"chococraft:gysahl_green_seeds":59,"minecraft:granite":16,"minecraft:sheep_spawn_egg":2,"minecraft:pufferfish":3,"minecraft:spruce_stairs":2,"minecraft:grass_block":1,"minecraft:coal":13,"chococraft:chocobo_whistle":5,"minecraft:stick":14,"minecraft:lava_bucket":6,"minecraft:diorite":64,"minecraft:ink_sac":1,"minecraft:torch":130,"minecraft:rose_bush":2,"minecraft:brown_wool":1,"minecraft:cherry_planks":1,"minecraft:crimson_sign":1,"minecraft:diamond_helmet":1,"minecraft:fire_charge":1,"minecraft:iron_leggings":7,"minecraft:oak_stairs":9,"minecraft:golden_hoe":1,"minecraft:white_banner":1,"minecraft:iron_axe":11,"minecraft:iron_shovel":1,"minecraft:string":8,"minecraft:bucket":1,"minecraft:redstone":183,"minecraft:smooth_basalt":9,"minecraft:dandelion":5,"minecraft:furnace":1,"minecraft:player_head":1,"minecraft:stone_sword":1,"minecraft:raw_copper":5,"chococraft:chocobo_feather":8,"minecraft:tuff":106,"chococraft:pink_chocobo_spawn_egg":2,"minecraft:raw_iron":15,"minecraft:light_gray_wool":2,"minecraft:iron_boots":7,"minecraft:cherry_slab":5,"chococraft:flame_chocobo_spawn_egg":2,"minecraft:cobblestone_slab":10,"minecraft:stone":512,"minecraft:shield":2,"minecraft:spruce_trapdoor":1,"minecraft:iron_chestplate":7,"minecraft:andesite":59,"minecraft:golden_leggings":1,"minecraft:oak_sapling":3,"minecraft:wooden_shovel":1,"minecraft:spider_eye":4,"minecraft:bow":2,"minecraft:stone_pickaxe":3,"minecraft:wooden_pickaxe":1,"minecraft:raw_gold":24,"minecraft:calcite":5,"chococraft:gysahl_green":41},"minecraft:used":{"minecraft:cherry_sapling":35,"minecraft:iron_shovel":3392,"minecraft:ladder":24,"minecraft:oak_sign":1,"minecraft:shield":368,"minecraft:chest":76,"minecraft:stone":572,"minecraft:rotten_flesh":5,"chococraft:chocobo_drumstick_cooked":6,"minecraft:carrot":246,"minecraft:tuff":129,"minecraft:glass":130,"minecraft:lava_bucket":25,"minecraft:red_wool":3,"minecraft:grass_block":238,"minecraft:furnace":28,"minecraft:egg":4,"minecraft:diorite":11,"minecraft:stone_pickaxe":537,"minecraft:oak_planks":43,"minecraft:wooden_pickaxe":17,"minecraft:sandstone":1,"minecraft:sugar_cane":2,"minecraft:diamond_axe":2784,"minecraft:sand":9,"minecraft:birch_fence":99,"minecraft:birch_fence_gate":31,"minecraft:cherry_sign":4,"minecraft:gravel":1,"chococraft:gold_chocobo_spawn_egg":1,"minecraft:andesite":43,"chococraft:gysahl_green":164,"minecraft:bone_meal":9,"minecraft:oak_fence":15,"minecraft:cherry_boat":1,"minecraft:oak_trapdoor":2,"minecraft:netherite_sword":49,"minecraft:enchanting_table":2,"minecraft:stone_sword":102,"minecraft:stone_hoe":452,"minecraft:wooden_shovel":65,"minecraft:cooked_chicken":29,"minecraft:oak_door":9,"minecraft:torch":901,"minecraft:dirt":3198,"minecraft:anvil":1,"minecraft:hopper":23,"minecraft:salmon_bucket":4,"minecraft:raw_iron_block":2,"minecraft:granite":3,"chococraft:chocobo_drumstick_raw":1,"minecraft:wooden_axe":46,"minecraft:bookshelf":27,"minecraft:cherry_slab":4,"minecraft:iron_axe":1720,"minecraft:oak_stairs":81,"minecraft:chicken_spawn_egg":21,"minecraft:cherry_trapdoor":84,"minecraft:cherry_fence_gate":10,"minecraft:smooth_basalt":3,"minecraft:yellow_concrete_powder":1,"minecraft:light_gray_wool":1,"minecraft:cherry_fence":612,"minecraft:pumpkin":1,"minecraft:netherite_pickaxe":4,"minecraft:minecart":8,"minecraft:trapped_chest":3,"minecraft:cooked_beef":19,"minecraft:cobbled_deepslate":521,"minecraft:cooked_mutton":35,"minecraft:wheat_seeds":166,"minecraft:water_bucket":84,"minecraft:birch_planks":4,"minecraft:lead":33,"minecraft:baked_potato":10,"minecraft:cherry_planks":1562,"minecraft:cauldron":1,"minecraft:sheep_spawn_egg":5,"minecraft:cobblestone_slab":2,"minecraft:rail":9,"minecraft:crafting_table":41,"minecraft:white_bed":3,"minecraft:cake":2,"minecraft:spruce_log":5,"minecraft:oak_log":11,"minecraft:diamond_pickaxe":3124,"minecraft:apple":3,"minecraft:diamond_shovel":46,"minecraft:cherry_door":11,"chococraft:gysahl_green_seeds":1017,"minecraft:iron_pickaxe":2790,"minecraft:pig_spawn_egg":7,"minecraft:stone_axe":215,"minecraft:crimson_sign":6,"minecraft:cherry_stairs":62,"minecraft:fishing_rod":156,"minecraft:cobblestone":653,"minecraft:white_banner":3,"minecraft:cooked_porkchop":54,"minecraft:bucket":89,"minecraft:yellow_bed":28},"minecraft:mined":{"minecraft:dark_oak_planks":1,"minecraft:spruce_planks":6,"minecraft:white_bed":4,"minecraft:farmland":26,"minecraft:cherry_log":704,"minecraft:warped_stairs":2,"minecraft:obsidian":5,"minecraft:cherry_trapdoor":35,"minecraft:granite":50,"minecraft:grass_block":1173,"minecraft:hopper":14,"minecraft:spawner":3,"minecraft:raw_iron_block":4,"minecraft:glowstone":1,"minecraft:dark_oak_trapdoor":3,"minecraft:iron_ore":242,"minecraft:fire":6,"minecraft:cobbled_deepslate":62,"minecraft:pumpkin":44,"minecraft:deepslate_lapis_ore":26,"minecraft:dark_oak_stairs":1,"minecraft:enchanting_table":1,"chococraft:gysahl_green":1318,"minecraft:pointed_dripstone":19,"minecraft:dirt_path":58,"minecraft:oak_stairs":4,"minecraft:player_head":1,"minecraft:deepslate_redstone_ore":293,"minecraft:brown_mushroom":3,"minecraft:torch":22,"minecraft:jungle_stairs":1,"minecraft:melon":1,"minecraft:poppy":3,"minecraft:calcite":15,"minecraft:chest":41,"minecraft:glass":17,"minecraft:cobblestone":90,"minecraft:oak_planks":29,"minecraft:sugar_cane":16,"minecraft:bricks":17,"minecraft:wall_torch":43,"minecraft:amethyst_block":9,"minecraft:cherry_slab":3,"minecraft:pink_petals":14,"minecraft:cherry_fence":381,"minecraft:birch_log":7,"minecraft:wheat":114,"minecraft:cherry_door":4,"minecraft:light_gray_wool":1,"minecraft:grass":820,"minecraft:oak_log":207,"minecraft:acacia_fence":1,"minecraft:sand":267,"minecraft:dirt":2434,"minecraft:smooth_basalt":11,"minecraft:raw_copper_block":1,"minecraft:oak_leaves":34,"minecraft:deepslate":2630,"minecraft:tuff":303,"minecraft:mossy_cobblestone":3,"minecraft:deepslate_diamond_ore":73,"minecraft:oak_door":7,"gravestone:gravestone":3,"minecraft:glow_lichen":3,"minecraft:ladder":7,"minecraft:spruce_fence":1,"minecraft:yellow_concrete_powder":1,"minecraft:spruce_leaves":4,"minecraft:sandstone":1,"minecraft:hay_block":3,"minecraft:redstone_ore":12,"minecraft:furnace":23,"minecraft:carrots":103,"minecraft:acacia_wood":1,"minecraft:andesite":130,"minecraft:peony":18,"minecraft:bookshelf":6,"minecraft:potatoes":3,"minecraft:cobblestone_slab":1,"minecraft:deepslate_iron_ore":140,"minecraft:vine":2,"minecraft:rail":7,"minecraft:cherry_fence_gate":8,"minecraft:stone":1154,"minecraft:cherry_stairs":29,"minecraft:cake":1,"minecraft:birch_stairs":1,"minecraft:cherry_planks":233,"minecraft:red_wool":5,"minecraft:dandelion":7,"minecraft:oak_fence":6,"minecraft:smooth_sandstone":1,"minecraft:crafting_table":17,"minecraft:cornflower":1,"minecraft:rose_bush":23,"minecraft:copper_ore":58,"minecraft:tall_grass":69,"minecraft:lapis_ore":18,"minecraft:deepslate_gold_ore":75,"minecraft:diorite":90,"minecraft:spruce_stairs":1,"minecraft:birch_planks":4,"minecraft:sweet_berry_bush":1,"minecraft:spruce_log":11,"minecraft:birch_leaves":4,"minecraft:yellow_bed":29,"minecraft:coal_ore":614,"minecraft:yellow_concrete":3,"minecraft:gravel":38,"minecraft:cherry_leaves":103,"minecraft:sunflower":6,"minecraft:dripstone_block":4,"minecraft:cobweb":55,"minecraft:crimson_wall_sign":5,"minecraft:gold_ore":34,"minecraft:birch_fence":2,"minecraft:warped_slab":3},"minecraft:custom":{"minecraft:animals_bred":118,"minecraft:interact_with_crafting_table":247,"minecraft:open_barrel":6,"minecraft:eat_cake_slice":7,"minecraft:leave_game":21,"minecraft:time_since_death":96693,"minecraft:sprint_one_cm":2404059,"minecraft:damage_blocked_by_shield":8318,"minecraft:drop":1575,"minecraft:talked_to_villager":14,"minecraft:play_time":2296696,"minecraft:deaths":13,"minecraft:jump":12372,"minecraft:walk_on_water_one_cm":257168,"minecraft:enchant_item":3,"minecraft:interact_with_furnace":269,"minecraft:sleep_in_bed":38,"minecraft:damage_dealt":69517,"minecraft:player_kills":3,"minecraft:crouch_one_cm":4527,"minecraft:use_cauldron":1,"minecraft:interact_with_smithing_table":8,"minecraft:interact_with_anvil":4,"minecraft:mob_kills":420,"minecraft:inspect_hopper":32,"minecraft:fill_cauldron":1,"minecraft:climb_one_cm":53911,"minecraft:walk_one_cm":8516837,"minecraft:sneak_time":16897,"minecraft:walk_under_water_one_cm":148972,"minecraft:interact_with_blast_furnace":1,"minecraft:total_world_time":2296696,"minecraft:time_since_rest":96730,"minecraft:damage_taken":16965,"minecraft:trigger_trapped_chest":35,"minecraft:swim_one_cm":55109,"minecraft:fly_one_cm":2075022,"minecraft:open_chest":1407,"minecraft:fish_caught":21,"minecraft:fall_one_cm":227565},"minecraft:crafted":{"minecraft:oak_planks":748,"minecraft:cobblestone_slab":6,"minecraft:cherry_slab":6,"minecraft:cooked_chicken":5,"minecraft:cherry_boat":1,"minecraft:stone":65,"minecraft:bookshelf":4,"chococraft:red_gysahl":7,"minecraft:cooked_mutton":30,"minecraft:cake":3,"minecraft:glass":187,"minecraft:hopper":9,"minecraft:diamond_helmet":2,"minecraft:diamond_leggings":2,"minecraft:raw_copper":9,"minecraft:chest":44,"minecraft:rail":16,"minecraft:stone_hoe":3,"minecraft:cherry_fence":261,"minecraft:wooden_shovel":2,"minecraft:cooked_porkchop":51,"minecraft:diamond_axe":3,"minecraft:crafting_table":7,"minecraft:wooden_pickaxe":1,"minecraft:baked_potato":10,"chococraft:chocopedia":1,"minecraft:copper_ingot":197,"minecraft:birch_planks":28,"minecraft:book":1,"minecraft:paper":3,"minecraft:diamond_pickaxe":2,"minecraft:cherry_sign":6,"minecraft:yellow_dye":13,"minecraft:shield":3,"minecraft:stick":950,"minecraft:iron_ingot":331,"minecraft:iron_pickaxe":12,"minecraft:iron_block":14,"minecraft:stone_sword":2,"minecraft:gold_ingot":100,"minecraft:light_gray_dye":2,"minecraft:cherry_planks":2780,"chococraft:chocobo_saddle_pack":1,"minecraft:oak_door":3,"minecraft:raw_iron":18,"minecraft:fishing_rod":6,"chococraft:chocobo_drumstick_cooked":7,"minecraft:furnace":2,"minecraft:bone_meal":9,"minecraft:pink_dye":36,"minecraft:oak_trapdoor":2,"chococraft:chocobo_saddle_bags":2,"minecraft:cherry_trapdoor":66,"minecraft:iron_axe":8,"chococraft:choco_disguise_leggings":3,"minecraft:ladder":6,"minecraft:cherry_stairs":36,"minecraft:stone_pickaxe":5,"minecraft:diamond_boots":1,"minecraft:minecart":1,"minecraft:cherry_fence_gate":6,"minecraft:wheat":18,"minecraft:cooked_beef":25,"minecraft:sugar":11,"minecraft:red_dye":42,"minecraft:enchanting_table":1,"chococraft:choco_disguise_boots":3,"minecraft:bucket":4,"minecraft:stone_axe":2,"minecraft:air":0,"minecraft:blue_dye":1,"minecraft:oak_stairs":24,"minecraft:wooden_axe":1,"minecraft:iron_shovel":16,"minecraft:cherry_door":6,"chococraft:chocobo_saddle":4,"minecraft:anvil":1,"chococraft:choco_disguise_chestplate":3,"minecraft:white_bed":2,"minecraft:torch":1046,"chococraft:choco_disguise_helmet":3,"minecraft:diamond_chestplate":2},"minecraft:killed":{"minecraft:cave_spider":12,"minecraft:spider":34,"minecraft:skeleton":56,"minecraft:chicken":32,"minecraft:pig":46,"minecraft:zombie_villager":2,"minecraft:iron_golem":1,"minecraft:creeper":7,"minecraft:sheep":35,"minecraft:pillager":5,"minecraft:zombie":101,"minecraft:cow":19,"chococraft:chocobo":39,"minecraft:slime":5,"minecraft:phantom":1,"minecraft:horse":1,"minecraft:drowned":1,"minecraft:bat":2,"minecraft:frog":1,"minecraft:enderman":2},"minecraft:broken":{"minecraft:iron_shovel":13,"minecraft:wooden_shovel":1,"minecraft:iron_chestplate":1,"minecraft:iron_leggings":1,"minecraft:stone_pickaxe":3,"minecraft:diamond_pickaxe":2,"minecraft:stone_axe":2,"minecraft:wooden_axe":1,"minecraft:fishing_rod":3,"minecraft:diamond_chestplate":1,"minecraft:diamond_leggings":1,"minecraft:stone_hoe":2,"minecraft:shield":1,"minecraft:diamond_axe":1,"minecraft:iron_axe":8,"minecraft:iron_pickaxe":8,"minecraft:iron_helmet":1}},"DataVersion":3465}