{"stats":{"minecraft:mined":{"minecraft:dark_oak_planks":16,"minecraft:tuff":44,"minecraft:spruce_planks":3,"minecraft:mossy_cobblestone":64,"minecraft:dark_oak_leaves":5,"minecraft:deepslate_diamond_ore":4,"minecraft:jungle_leaves":1,"minecraft:dark_oak_log":264,"minecraft:cave_vines_plant":2,"minecraft:dark_oak_fence":2,"minecraft:dark_oak_pressure_plate":1,"gravestone:gravestone":5,"minecraft:granite":13,"minecraft:allium":2,"minecraft:grass_block":43,"minecraft:spruce_fence":1,"minecraft:jungle_log":52,"minecraft:light_gray_bed":2,"minecraft:moss_block":13,"minecraft:spawner":2,"minecraft:large_fern":1,"minecraft:hay_block":20,"minecraft:redstone_ore":3,"minecraft:furnace":3,"minecraft:iron_ore":94,"minecraft:cobbled_deepslate":106,"minecraft:barrel":2,"minecraft:andesite":108,"minecraft:stripped_spruce_log":5,"minecraft:pumpkin":11,"minecraft:deepslate_lapis_ore":11,"minecraft:flowering_azalea_leaves":1,"chococraft:gysahl_green":18,"minecraft:vine":4,"minecraft:cave_vines":2,"minecraft:deepslate_iron_ore":16,"minecraft:iron_bars":2,"minecraft:azalea_leaves":2,"minecraft:stone":778,"minecraft:polished_granite_stairs":1,"minecraft:spruce_slab":4,"minecraft:deepslate_redstone_ore":6,"minecraft:flowering_azalea":1,"minecraft:glass_pane":1,"minecraft:stripped_dark_oak_log":2,"minecraft:dandelion":2,"minecraft:polished_granite":17,"minecraft:torch":2,"minecraft:clay":40,"minecraft:crafting_table":8,"minecraft:cornflower":1,"minecraft:chest":6,"minecraft:tall_grass":3,"minecraft:deepslate_coal_ore":14,"minecraft:cobblestone":202,"minecraft:lapis_ore":13,"minecraft:diorite":10,"minecraft:wall_torch":17,"minecraft:deepslate_copper_ore":2,"minecraft:skeleton_skull":2,"minecraft:spruce_stairs":2,"minecraft:seagrass":8,"minecraft:birch_planks":1,"minecraft:black_stained_glass":6,"minecraft:dark_oak_slab":17,"minecraft:birch_log":12,"minecraft:birch_leaves":4,"minecraft:black_bed":1,"minecraft:smooth_stone_slab":1,"minecraft:grass":27,"minecraft:oak_log":18,"minecraft:coal_ore":170,"minecraft:end_rod":1,"minecraft:dirt":103,"minecraft:wither_skeleton_skull":3,"minecraft:polished_andesite":16,"minecraft:stone_bricks":5,"minecraft:oak_leaves":1,"minecraft:mossy_stone_bricks":5,"minecraft:deepslate_emerald_ore":3,"minecraft:deepslate":526,"minecraft:fern":4},"minecraft:broken":{"minecraft:stone_pickaxe":13,"minecraft:iron_axe":2,"minecraft:stone_axe":2,"minecraft:iron_pickaxe":2,"minecraft:wooden_axe":1},"minecraft:used":{"minecraft:stone_sword":86,"minecraft:ladder":114,"minecraft:chest":7,"minecraft:shield":105,"minecraft:rotten_flesh":1,"minecraft:wooden_shovel":53,"minecraft:torch":170,"minecraft:dirt":33,"minecraft:carrot":17,"minecraft:tuff":22,"minecraft:dark_oak_planks":181,"minecraft:wooden_axe":100,"minecraft:iron_axe":426,"minecraft:dark_oak_slab":21,"minecraft:stone_bricks":5,"minecraft:bow":1,"minecraft:dark_oak_boat":1,"minecraft:furnace":4,"minecraft:cooked_cod":45,"minecraft:cooked_beef":4,"minecraft:cobbled_deepslate":327,"minecraft:light_gray_bed":1,"minecraft:cooked_mutton":6,"minecraft:water_bucket":58,"minecraft:mossy_stone_bricks":3,"minecraft:stone_pickaxe":1782,"minecraft:ender_pearl":1,"minecraft:glow_berries":12,"minecraft:mossy_cobblestone":54,"minecraft:crafting_table":11,"minecraft:apple":1,"minecraft:iron_pickaxe":708,"minecraft:polished_granite":8,"minecraft:stone_axe":180,"minecraft:cobblestone":578,"minecraft:cooked_porkchop":6,"minecraft:bucket":56,"minecraft:pumpkin_pie":1},"minecraft:dropped":{"chococraft:loverly_gysahl_green":2,"minecraft:wheat_seeds":2,"minecraft:oak_log":3,"chococraft:gold_gysahl":2,"minecraft:diamond":5,"minecraft:dark_oak_sapling":3,"minecraft:cobblestone":406,"minecraft:jungle_planks":64,"minecraft:black_banner":2,"minecraft:dirt":69,"minecraft:gray_wool":1,"minecraft:melon_slice":16,"minecraft:jungle_sapling":6,"gravestone:obituary":6,"minecraft:pumpkin_pie":1,"minecraft:string":4,"minecraft:light_blue_banner":2,"minecraft:dark_oak_planks":26,"minecraft:white_wool":3,"minecraft:tuff":2,"minecraft:stripped_dark_oak_log":1,"minecraft:red_banner":1,"minecraft:rotten_flesh":5,"minecraft:clay_ball":4,"minecraft:shears":1,"minecraft:carrot":1,"minecraft:skeleton_skull":3,"minecraft:chest":4,"minecraft:andesite":12,"minecraft:melon_seeds":4,"minecraft:mossy_stone_bricks":2,"minecraft:oak_sapling":1,"minecraft:spider_eye":2,"minecraft:painting":3,"minecraft:spruce_slab":6,"minecraft:iron_bars":2,"minecraft:bow":1,"minecraft:polished_granite":1,"chococraft:gysahl_green":17},"minecraft:picked_up":{"minecraft:crafting_table":8,"chococraft:loverly_gysahl_green":3,"minecraft:chicken":1,"minecraft:clay_ball":168,"minecraft:lead":3,"minecraft:enchanted_book":1,"minecraft:diamond_horse_armor":1,"gravestone:obituary":5,"minecraft:music_disc_cat":1,"minecraft:string":10,"minecraft:iron_axe":2,"minecraft:compass":1,"minecraft:cobbled_deepslate":628,"minecraft:beef":7,"minecraft:jungle_sapling":6,"minecraft:spruce_slab":6,"minecraft:melon_slice":32,"minecraft:chest":8,"minecraft:birch_sapling":4,"minecraft:furnace":3,"minecraft:dark_oak_sapling":15,"minecraft:stick":25,"minecraft:raw_iron":113,"minecraft:torch":45,"minecraft:spruce_stairs":2,"minecraft:porkchop":6,"minecraft:diorite":4,"minecraft:redstone":42,"minecraft:dark_oak_planks":15,"minecraft:stone_sword":1,"minecraft:arrow":13,"minecraft:light_gray_bed":2,"minecraft:rotten_flesh":101,"minecraft:pumpkin_pie":2,"minecraft:shears":1,"minecraft:black_banner":1,"minecraft:glow_berries":6,"minecraft:mutton":6,"minecraft:iron_bars":6,"minecraft:skeleton_skull":3,"minecraft:white_wool":8,"minecraft:cobblestone":1284,"minecraft:birch_log":12,"minecraft:feather":1,"minecraft:andesite":119,"minecraft:jungle_log":104,"minecraft:leather":3,"minecraft:dark_oak_boat":2,"minecraft:potato":1,"minecraft:tuff":46,"minecraft:oak_log":18,"minecraft:wither_skeleton_skull":7,"minecraft:lapis_lazuli":156,"minecraft:dirt":227,"minecraft:polished_granite":17,"minecraft:bone":7,"chococraft:gysahl_green":17,"minecraft:apple":1,"minecraft:stone_bricks":5,"chococraft:gold_gysahl":4,"minecraft:bow":1,"minecraft:wheat_seeds":7,"minecraft:iron_ingot":1,"minecraft:stone_pickaxe":2,"minecraft:dark_oak_sign":1,"minecraft:mossy_stone_bricks":9,"minecraft:moss_block":16,"minecraft:flowering_azalea":1,"minecraft:dark_oak_slab":17,"minecraft:cooked_porkchop":6,"minecraft:pumpkin":11,"minecraft:jungle_planks":128,"minecraft:stripped_spruce_log":5,"chococraft:gysahl_green_seeds":7,"minecraft:dark_oak_log":194,"minecraft:spider_eye":4,"minecraft:mossy_cobblestone":63,"minecraft:pumpkin_seeds":5,"minecraft:diamond":9,"minecraft:stone_axe":1,"minecraft:granite":13,"minecraft:painting":6,"minecraft:gray_wool":2,"minecraft:emerald":3,"minecraft:oak_sapling":2,"minecraft:melon_seeds":8,"minecraft:dark_oak_fence":2,"minecraft:stripped_dark_oak_log":1,"minecraft:coal":271,"minecraft:ender_pearl":1},"minecraft:custom":{"minecraft:interact_with_smithing_table":4,"minecraft:mob_kills":105,"minecraft:interact_with_crafting_table":47,"minecraft:open_barrel":38,"minecraft:leave_game":1,"minecraft:time_since_death":99738,"minecraft:climb_one_cm":125491,"minecraft:sprint_one_cm":375636,"minecraft:walk_one_cm":821922,"minecraft:damage_blocked_by_shield":2185,"minecraft:drop":70,"minecraft:talked_to_villager":1,"minecraft:play_time":360529,"minecraft:sneak_time":19415,"minecraft:deaths":3,"minecraft:walk_under_water_one_cm":64126,"minecraft:jump":3301,"minecraft:walk_on_water_one_cm":165907,"minecraft:total_world_time":360529,"minecraft:interact_with_furnace":35,"minecraft:interact_with_loom":1,"minecraft:sleep_in_bed":4,"minecraft:time_since_rest":95515,"minecraft:damage_taken":6435,"minecraft:damage_dealt":14792,"minecraft:player_kills":1,"minecraft:swim_one_cm":104346,"minecraft:fly_one_cm":151531,"minecraft:open_chest":162,"minecraft:crouch_one_cm":22129,"minecraft:fall_one_cm":71404},"minecraft:killed_by":{"minecraft:zombie":1},"minecraft:killed":{"minecraft:cave_spider":1,"minecraft:spider":2,"minecraft:skeleton":10,"minecraft:chicken":1,"minecraft:drowned":1,"minecraft:pig":3,"minecraft:sheep":4,"minecraft:zombie":76,"minecraft:cow":3},"minecraft:crafted":{"minecraft:oak_planks":12,"minecraft:dark_oak_boat":1,"minecraft:furnace":1,"minecraft:cooked_mutton":6,"minecraft:iron_boots":1,"minecraft:iron_axe":3,"minecraft:ladder":114,"minecraft:stone_pickaxe":14,"minecraft:chest":4,"minecraft:dark_oak_planks":420,"minecraft:cooked_beef":4,"minecraft:wooden_shovel":1,"minecraft:crafting_table":4,"minecraft:iron_helmet":5,"minecraft:birch_planks":48,"minecraft:stone_axe":1,"minecraft:air":0,"minecraft:dark_oak_slab":6,"minecraft:iron_chestplate":1,"minecraft:shield":1,"minecraft:stick":359,"minecraft:iron_ingot":71,"minecraft:iron_pickaxe":5,"minecraft:wooden_axe":2,"minecraft:iron_leggings":1,"minecraft:torch":156}},"DataVersion":3465}