{"stats":{"minecraft:dropped":{"chococraft:loverly_gysahl_green":2,"minecraft:oak_log":3,"minecraft:diamond":5,"minecraft:dark_oak_sapling":3,"minecraft:chest_minecart":2,"minecraft:jungle_planks":64,"minecraft:saddle":2,"minecraft:black_banner":2,"minecraft:rail":17,"minecraft:cobblestone_stairs":1,"minecraft:dirt":74,"minecraft:netherite_boots":5,"minecraft:jungle_sapling":7,"gravestone:obituary":21,"minecraft:pumpkin_pie":1,"minecraft:sand":15,"minecraft:dark_oak_planks":28,"minecraft:light_blue_banner":2,"minecraft:white_wool":3,"minecraft:gravel":140,"minecraft:cobbled_deepslate":3026,"minecraft:netherite_sword":2,"minecraft:birch_sapling":28,"minecraft:stripped_dark_oak_log":1,"minecraft:rotten_flesh":206,"minecraft:azure_bluet":1,"minecraft:carrot":2,"minecraft:heavy_weighted_pressure_plate":1,"minecraft:skeleton_skull":3,"minecraft:melon_seeds":4,"minecraft:chest":4,"minecraft:painting":5,"minecraft:spruce_slab":6,"minecraft:iron_bars":2,"minecraft:arrow":2,"minecraft:polished_granite":9,"minecraft:netherrack":1,"minecraft:enchanting_table":3,"minecraft:enchanted_book":1,"minecraft:iron_ingot":2,"minecraft:bread":2,"minecraft:wheat_seeds":2,"travelersbackpack:bookshelf":1,"chococraft:gold_gysahl":2,"minecraft:bookshelf":64,"minecraft:netherite_helmet":3,"minecraft:netherite_chestplate":5,"minecraft:feather":3,"minecraft:mangrove_propagule":2,"minecraft:cobblestone":1023,"minecraft:book":32,"mowziesmobs:umvuthana_mask_fear":1,"chococraft:gysahl_green_seeds":35,"minecraft:granite":24,"minecraft:activator_rail":3,"minecraft:spruce_stairs":3,"minecraft:stick":6,"minecraft:gray_wool":1,"minecraft:diorite":30,"minecraft:torch":4,"chococraft:chocobo_drumstick_raw":4,"minecraft:melon_slice":16,"minecraft:pumpkin":1,"minecraft:flowering_azalea":1,"minecraft:string":4,"minecraft:tripwire_hook":1,"minecraft:dandelion":1,"minecraft:anvil":3,"minecraft:kelp":33,"minecraft:raw_copper":10,"chococraft:chocobo_feather":12,"minecraft:bowl":1,"minecraft:tuff":204,"minecraft:red_banner":1,"minecraft:clay_ball":4,"minecraft:shears":1,"minecraft:pumpkin_seeds":4,"minecraft:netherite_leggings":4,"minecraft:potato":1,"minecraft:hay_block":2,"minecraft:spruce_planks":5,"minecraft:diamond_pickaxe":1,"minecraft:andesite":54,"minecraft:mossy_stone_bricks":2,"minecraft:oak_sapling":7,"minecraft:spider_eye":2,"minecraft:sandstone":39,"minecraft:bow":1,"minecraft:stone_pickaxe":1,"chococraft:gysahl_green":57},"minecraft:picked_up":{"chococraft:loverly_gysahl_green":9,"minecraft:wheat":24,"minecraft:redstone_block":2,"minecraft:iron_trapdoor":13,"minecraft:anvil":2,"minecraft:lead":10,"minecraft:enchanted_book":3,"travelersbackpack:spider":1,"minecraft:music_disc_cat":1,"minecraft:string":29,"minecraft:raw_copper":14,"minecraft:pufferfish":3,"minecraft:activator_rail":3,"minecraft:cobbled_deepslate":6045,"minecraft:smooth_stone":5,"minecraft:spruce_planks":14,"minecraft:azalea":1,"minecraft:coal_block":4,"minecraft:melon_slice":96,"minecraft:furnace":3,"minecraft:stick":40,"minecraft:birch_trapdoor":4,"minecraft:torch":274,"minecraft:spruce_stairs":8,"minecraft:porkchop":8,"minecraft:diorite":84,"minecraft:stone_sword":1,"minecraft:light_gray_bed":11,"minecraft:rotten_flesh":562,"minecraft:tropical_fish":2,"travelersbackpack:chicken":1,"minecraft:bookshelf":64,"chococraft:chocobo_drumstick_raw":4,"minecraft:netherite_chestplate":5,"minecraft:obsidian":2,"minecraft:cod":28,"minecraft:iron_bars":6,"minecraft:cobblestone":2090,"minecraft:nautilus_shell":1,"minecraft:birch_log":131,"minecraft:enchanting_table":3,"minecraft:feather":17,"minecraft:iron_door":6,"minecraft:andesite":159,"minecraft:jungle_log":111,"minecraft:dark_oak_boat":9,"minecraft:potato":3,"minecraft:flint":14,"minecraft:tuff":311,"minecraft:wither_skeleton_skull":7,"minecraft:netherite_leggings":4,"minecraft:lapis_lazuli":451,"minecraft:dirt":309,"minecraft:polished_granite":17,"minecraft:name_tag":1,"minecraft:leather_boots":1,"travelersbackpack:bookshelf":1,"minecraft:bone":74,"minecraft:bow":3,"minecraft:wheat_seeds":8,"minecraft:raw_gold":63,"minecraft:dark_oak_sign":1,"minecraft:mossy_stone_bricks":9,"minecraft:moss_block":21,"minecraft:oak_planks":1,"minecraft:cooked_porkchop":6,"minecraft:jungle_planks":128,"minecraft:sand":95,"minecraft:stripped_spruce_log":6,"minecraft:barrel":1,"minecraft:dark_oak_log":233,"minecraft:mossy_cobblestone":63,"minecraft:diamond":57,"minecraft:netherite_helmet":3,"minecraft:granite":42,"minecraft:emerald":4,"minecraft:oak_sapling":8,"minecraft:netherrack":2,"minecraft:dark_oak_fence":2,"minecraft:diamond_pickaxe":1,"minecraft:crafting_table":13,"minecraft:azure_bluet":1,"minecraft:chicken":1,"minecraft:ladder":4,"minecraft:clay_ball":192,"minecraft:chest_minecart":2,"minecraft:diamond_horse_armor":1,"gravestone:obituary":16,"minecraft:heavy_weighted_pressure_plate":1,"minecraft:oak_trapdoor":25,"minecraft:iron_axe":2,"minecraft:compass":1,"minecraft:netherite_sword":2,"travelersbackpack:lapis":1,"minecraft:beef":22,"minecraft:oak_boat":1,"minecraft:jungle_sapling":7,"minecraft:spruce_slab":6,"minecraft:chest":17,"minecraft:birch_sapling":32,"minecraft:dark_oak_sapling":25,"minecraft:raw_iron":296,"minecraft:sandstone":52,"minecraft:bowl":2,"minecraft:note_block":3,"minecraft:carrot":5,"minecraft:redstone":1024,"minecraft:dark_oak_planks":23,"mowziesmobs:umvuthana_mask_faith":1,"minecraft:arrow":68,"minecraft:pumpkin_pie":2,"minecraft:shears":1,"minecraft:hay_block":35,"mowziesmobs:umvuthana_mask_bliss":1,"minecraft:black_banner":1,"minecraft:glow_berries":27,"minecraft:mutton":6,"minecraft:rail":17,"minecraft:skeleton_skull":3,"minecraft:white_wool":8,"minecraft:netherite_boots":5,"minecraft:glow_ink_sac":1,"minecraft:tripwire_hook":2,"minecraft:salmon":16,"minecraft:leather":14,"minecraft:birch_planks":1,"minecraft:oak_log":36,"minecraft:cobblestone_stairs":1,"minecraft:gunpowder":8,"mowziesmobs:wrought_axe":1,"minecraft:birch_pressure_plate":5,"chococraft:chocobo_feather":18,"chococraft:gysahl_green":139,"minecraft:apple":2,"minecraft:stone_bricks":5,"chococraft:gold_gysahl":7,"minecraft:kelp":22,"minecraft:iron_ingot":7,"minecraft:stone_pickaxe":2,"minecraft:flowering_azalea":1,"minecraft:book":96,"minecraft:oak_slab":8,"minecraft:dark_oak_slab":17,"minecraft:pumpkin":13,"minecraft:dandelion":1,"minecraft:gravel":155,"mowziesmobs:wrought_helmet":1,"chococraft:gysahl_green_seeds":42,"minecraft:spruce_log":1,"minecraft:spider_eye":8,"travelersbackpack:standard":2,"minecraft:pumpkin_seeds":9,"minecraft:slime_ball":5,"minecraft:stone_axe":1,"minecraft:painting":8,"minecraft:gray_wool":2,"mowziesmobs:umvuthana_mask_fear":1,"minecraft:stripped_dark_oak_log":1,"minecraft:melon_seeds":8,"minecraft:mangrove_propagule":2,"minecraft:coal":373,"minecraft:hopper":5,"minecraft:ender_pearl":1},"minecraft:mined":{"minecraft:dark_oak_planks":24,"minecraft:spruce_planks":17,"minecraft:cobblestone_stairs":1,"minecraft:jungle_leaves":2,"minecraft:obsidian":2,"minecraft:cave_vines_plant":4,"minecraft:granite":44,"minecraft:grass_block":57,"minecraft:jungle_log":59,"minecraft:light_gray_bed":11,"minecraft:coal_block":4,"minecraft:hopper":5,"minecraft:spawner":3,"minecraft:smooth_stone":1,"minecraft:tall_seagrass":1,"minecraft:iron_ore":166,"minecraft:barrel":3,"minecraft:cobbled_deepslate":301,"minecraft:fire":1,"minecraft:pumpkin":14,"minecraft:anvil":1,"minecraft:deepslate_lapis_ore":51,"minecraft:azure_bluet":1,"chococraft:gysahl_green":59,"minecraft:cave_vines":4,"minecraft:flowering_azalea_leaves":1,"minecraft:iron_bars":3,"minecraft:azalea_leaves":2,"minecraft:azalea":1,"minecraft:polished_granite_stairs":1,"minecraft:spruce_slab":4,"minecraft:tripwire":7,"minecraft:deepslate_redstone_ore":213,"minecraft:clay":48,"minecraft:torch":45,"minecraft:note_block":3,"minecraft:melon":13,"minecraft:chest":15,"minecraft:cobblestone":278,"minecraft:iron_door":5,"minecraft:wall_torch":179,"minecraft:deepslate_copper_ore":2,"minecraft:skeleton_skull":2,"minecraft:seagrass":8,"minecraft:dark_oak_slab":17,"minecraft:birch_log":115,"minecraft:birch_trapdoor":4,"minecraft:black_bed":1,"minecraft:smooth_stone_slab":1,"minecraft:grass":39,"minecraft:oak_log":36,"minecraft:sand":97,"minecraft:dirt":171,"minecraft:wither_skeleton_skull":3,"minecraft:tripwire_hook":2,"minecraft:red_mushroom_block":1,"minecraft:netherrack":2,"minecraft:oak_leaves":4,"minecraft:deepslate":5781,"minecraft:tuff":309,"travelersbackpack:lapis":1,"minecraft:mossy_cobblestone":64,"minecraft:dark_oak_leaves":6,"minecraft:deepslate_diamond_ore":52,"minecraft:dark_oak_log":303,"minecraft:glow_lichen":1,"minecraft:ladder":3,"minecraft:dark_oak_pressure_plate":1,"gravestone:gravestone":12,"minecraft:dark_oak_fence":2,"minecraft:allium":2,"minecraft:spruce_fence":1,"minecraft:redstone_wire":15,"minecraft:moss_block":20,"minecraft:sandstone":27,"minecraft:large_fern":1,"minecraft:hay_block":29,"minecraft:redstone_ore":14,"minecraft:oak_trapdoor":25,"minecraft:heavy_weighted_pressure_plate":1,"minecraft:furnace":3,"minecraft:andesite":167,"minecraft:stripped_spruce_log":6,"minecraft:bookshelf":32,"minecraft:deepslate_iron_ore":107,"minecraft:vine":7,"minecraft:rail":1,"minecraft:stone":1356,"minecraft:birch_pressure_plate":5,"minecraft:oak_slab":6,"minecraft:redstone_block":2,"minecraft:flowering_azalea":1,"minecraft:glass_pane":1,"minecraft:stripped_dark_oak_log":2,"minecraft:dandelion":2,"minecraft:polished_granite":17,"travelersbackpack:standard":1,"minecraft:oak_fence":1,"minecraft:crafting_table":13,"minecraft:cornflower":1,"minecraft:copper_ore":3,"minecraft:tall_grass":5,"minecraft:deepslate_coal_ore":14,"minecraft:lapis_ore":19,"minecraft:deepslate_gold_ore":58,"minecraft:diorite":55,"minecraft:spruce_stairs":5,"minecraft:birch_planks":2,"minecraft:black_stained_glass":6,"minecraft:spruce_log":1,"minecraft:birch_leaves":15,"minecraft:coal_ore":264,"minecraft:end_rod":1,"minecraft:gravel":122,"minecraft:stone_bricks":5,"minecraft:polished_andesite":16,"minecraft:mossy_stone_bricks":5,"minecraft:gold_ore":6,"minecraft:deepslate_emerald_ore":4,"minecraft:iron_trapdoor":13,"minecraft:fern":6},"minecraft:broken":{"minecraft:iron_boots":1,"minecraft:iron_chestplate":1,"minecraft:golden_shovel":1,"minecraft:iron_leggings":1,"minecraft:stone_pickaxe":13,"minecraft:diamond_pickaxe":2,"minecraft:stone_axe":2,"minecraft:wooden_axe":1,"minecraft:fishing_rod":1,"minecraft:iron_axe":2,"minecraft:iron_pickaxe":13,"minecraft:iron_helmet":1},"minecraft:killed_by":{"minecraft:zombie":1},"minecraft:killed":{"minecraft:cave_spider":3,"mowziesmobs:umvuthi":1,"minecraft:spider":14,"minecraft:skeleton":36,"minecraft:chicken":1,"mowziesmobs:umvuthana_crane":28,"minecraft:axolotl":1,"minecraft:pig":4,"minecraft:zombie_villager":1,"minecraft:creeper":2,"minecraft:sheep":4,"minecraft:zombie":489,"minecraft:glow_squid":2,"minecraft:cow":11,"chococraft:chocobo":1,"minecraft:slime":12,"mowziesmobs:ferrous_wroughtnaut":1,"minecraft:drowned":3,"mowziesmobs:umvuthana":7,"minecraft:bat":2},"minecraft:used":{"mowziesmobs:umvuthana_mask_fear":2,"travelersbackpack:lapis":1,"minecraft:ladder":148,"minecraft:chest":22,"minecraft:shield":137,"minecraft:rotten_flesh":1,"minecraft:birch_pressure_plate":5,"minecraft:skeleton_spawn_egg":157,"minecraft:carrot":24,"minecraft:tuff":87,"minecraft:axolotl_bucket":1,"minecraft:obsidian":151,"minecraft:lava_bucket":37,"minecraft:dark_oak_slab":21,"minecraft:stone_bricks":5,"minecraft:birch_trapdoor":5,"minecraft:bow":3,"minecraft:dark_oak_boat":9,"minecraft:furnace":6,"minecraft:cooked_cod":101,"minecraft:potato":1,"minecraft:mossy_stone_bricks":3,"minecraft:diorite":19,"minecraft:stone_pickaxe":1782,"minecraft:ender_pearl":1,"minecraft:sandstone":13,"minecraft:diamond_axe":512,"minecraft:golden_apple":4,"minecraft:glow_berries":67,"minecraft:note_block":4,"minecraft:creeper_spawn_egg":16,"minecraft:melon_slice":40,"minecraft:string":12,"minecraft:heavy_weighted_pressure_plate":3,"minecraft:bread":74,"minecraft:polished_granite":8,"minecraft:gravel":15,"minecraft:iron_door":7,"minecraft:birch_log":2,"minecraft:andesite":9,"chococraft:gysahl_green":19,"minecraft:oak_boat":1,"minecraft:oak_trapdoor":26,"minecraft:netherite_sword":222,"minecraft:enchanting_table":2,"minecraft:stone_sword":86,"minecraft:flint_and_steel":18,"minecraft:redstone":28,"minecraft:wooden_shovel":88,"minecraft:netherrack":1,"minecraft:torch":628,"minecraft:dirt":108,"minecraft:anvil":3,"minecraft:hopper":6,"minecraft:golden_shovel":35,"minecraft:granite":9,"mowziesmobs:wrought_helmet":1,"minecraft:dark_oak_planks":187,"minecraft:wooden_axe":100,"minecraft:bookshelf":26,"minecraft:iron_axe":593,"minecraft:barrel":1,"minecraft:tripwire_hook":4,"minecraft:iron_trapdoor":14,"minecraft:cooked_beef":4,"minecraft:cobbled_deepslate":1475,"minecraft:light_gray_bed":11,"minecraft:cooked_mutton":6,"minecraft:water_bucket":58,"minecraft:birch_planks":5,"minecraft:mossy_cobblestone":54,"minecraft:tnt":91,"minecraft:oak_slab":10,"minecraft:crafting_table":21,"mowziesmobs:wrought_axe":842,"minecraft:diamond_pickaxe":4758,"minecraft:apple":2,"minecraft:iron_pickaxe":3384,"mowziesmobs:umvuthi_spawn_egg":1,"minecraft:stone_axe":180,"minecraft:fishing_rod":365,"travelersbackpack:standard":21,"minecraft:cobblestone":897,"minecraft:cooked_porkchop":6,"minecraft:bucket":60,"minecraft:pumpkin_pie":1},"minecraft:custom":{"minecraft:interact_with_crafting_table":172,"minecraft:open_barrel":57,"minecraft:leave_game":8,"minecraft:time_since_death":197101,"minecraft:sprint_one_cm":1199506,"minecraft:damage_blocked_by_shield":3205,"minecraft:drop":1191,"minecraft:play_noteblock":4,"minecraft:talked_to_villager":1,"minecraft:play_time":1381263,"minecraft:deaths":10,"minecraft:jump":8466,"minecraft:walk_on_water_one_cm":402032,"minecraft:enchant_item":3,"minecraft:interact_with_furnace":88,"minecraft:interact_with_loom":1,"minecraft:sleep_in_bed":13,"minecraft:damage_dealt":93952,"minecraft:player_kills":1,"minecraft:crouch_one_cm":69944,"minecraft:interact_with_smithing_table":4,"minecraft:interact_with_anvil":16,"minecraft:mob_kills":636,"minecraft:inspect_hopper":1,"minecraft:climb_one_cm":392498,"minecraft:walk_one_cm":3306774,"minecraft:sneak_time":47212,"minecraft:walk_under_water_one_cm":354025,"minecraft:interact_with_lectern":2,"minecraft:total_world_time":1381263,"minecraft:tune_noteblock":3790,"minecraft:time_since_rest":82199,"minecraft:damage_taken":16584,"minecraft:damage_absorbed":42,"minecraft:swim_one_cm":325037,"minecraft:fly_one_cm":505822,"minecraft:open_chest":524,"minecraft:fish_caught":61,"minecraft:fall_one_cm":168260},"minecraft:crafted":{"minecraft:oak_planks":184,"chococraft:chocobo_whistle":1,"travelersbackpack:crafting_upgrade":1,"minecraft:dark_oak_boat":2,"minecraft:bookshelf":26,"minecraft:heavy_weighted_pressure_plate":3,"minecraft:cooked_mutton":6,"minecraft:glass":16,"minecraft:hopper":1,"minecraft:diamond_leggings":1,"minecraft:diamond_helmet":1,"minecraft:bow":1,"minecraft:iron_boots":2,"minecraft:chest":14,"minecraft:iron_door":3,"minecraft:oak_slab":6,"minecraft:wooden_shovel":2,"minecraft:diamond_axe":1,"minecraft:crafting_table":10,"travelersbackpack:lapis":1,"minecraft:spruce_planks":8,"minecraft:iron_helmet":5,"minecraft:birch_pressure_plate":1,"minecraft:birch_planks":162,"minecraft:dark_oak_slab":6,"minecraft:shield":3,"minecraft:iron_chestplate":2,"minecraft:diamond_pickaxe":4,"minecraft:stick":551,"minecraft:iron_ingot":254,"minecraft:iron_pickaxe":14,"minecraft:iron_block":3,"minecraft:gold_ingot":61,"minecraft:fishing_rod":2,"minecraft:tripwire_hook":2,"minecraft:furnace":3,"travelersbackpack:blank_upgrade":4,"minecraft:oak_trapdoor":2,"minecraft:iron_axe":3,"minecraft:ladder":162,"minecraft:stone_pickaxe":14,"minecraft:diamond_boots":1,"minecraft:dark_oak_planks":560,"minecraft:wheat":273,"minecraft:cooked_beef":4,"minecraft:iron_trapdoor":3,"minecraft:enchanting_table":1,"travelersbackpack:backpack_tank":2,"minecraft:stone_axe":1,"minecraft:bread":99,"minecraft:air":0,"minecraft:oak_boat":1,"minecraft:wooden_axe":2,"minecraft:birch_trapdoor":2,"minecraft:iron_leggings":2,"chococraft:chocobo_saddle":1,"minecraft:anvil":1,"minecraft:note_block":1,"minecraft:torch":316,"minecraft:diamond_chestplate":1,"minecraft:lapis_block":4}},"DataVersion":3465}