{"stats":{"minecraft:crafted":{"minecraft:cooked_beef":4,"minecraft:oak_planks":12,"minecraft:crafting_table":1,"minecraft:furnace":1,"minecraft:stone_axe":1,"minecraft:cooked_mutton":6,"minecraft:air":0,"minecraft:dark_oak_slab":6,"minecraft:shield":1,"minecraft:stick":8,"minecraft:iron_pickaxe":1,"minecraft:iron_ingot":11,"minecraft:stone_pickaxe":4,"minecraft:wooden_axe":2,"minecraft:dark_oak_planks":40,"minecraft:torch":52},"minecraft:picked_up":{"minecraft:crafting_table":5,"chococraft:loverly_gysahl_green":3,"minecraft:clay_ball":128,"minecraft:andesite":12,"minecraft:jungle_log":104,"minecraft:leather":3,"minecraft:enchanted_book":1,"minecraft:oak_log":6,"gravestone:obituary":4,"minecraft:wither_skeleton_skull":6,"minecraft:string":2,"minecraft:dirt":59,"minecraft:iron_axe":2,"minecraft:compass":1,"minecraft:stone_bricks":5,"chococraft:gysahl_green":17,"minecraft:apple":1,"chococraft:gold_gysahl":4,"minecraft:wheat_seeds":2,"minecraft:cobbled_deepslate":7,"minecraft:beef":7,"minecraft:stone_pickaxe":2,"minecraft:dark_oak_sign":1,"minecraft:mossy_stone_bricks":5,"minecraft:jungle_sapling":6,"minecraft:moss_block":4,"minecraft:melon_slice":32,"minecraft:chest":1,"minecraft:furnace":2,"minecraft:dark_oak_slab":4,"minecraft:dark_oak_sapling":3,"minecraft:stick":14,"minecraft:raw_iron":29,"minecraft:pumpkin":11,"minecraft:torch":25,"minecraft:porkchop":6,"minecraft:jungle_planks":128,"chococraft:gysahl_green_seeds":6,"minecraft:mossy_cobblestone":57,"minecraft:dark_oak_log":32,"minecraft:spider_eye":2,"minecraft:stone_sword":1,"minecraft:rotten_flesh":3,"minecraft:diamond":5,"minecraft:stone_axe":1,"minecraft:shears":1,"minecraft:painting":6,"minecraft:gray_wool":2,"minecraft:black_banner":1,"minecraft:oak_sapling":1,"minecraft:coal":106,"minecraft:iron_bars":2,"minecraft:mutton":6,"minecraft:skeleton_skull":3,"minecraft:white_wool":8,"minecraft:cobblestone":594,"minecraft:ender_pearl":1},"minecraft:broken":{"minecraft:stone_pickaxe":4,"minecraft:stone_axe":1,"minecraft:iron_pickaxe":1,"minecraft:wooden_axe":1},"minecraft:killed":{"minecraft:cave_spider":1,"minecraft:pig":3,"minecraft:sheep":4,"minecraft:zombie":8,"minecraft:cow":3},"minecraft:dropped":{"chococraft:loverly_gysahl_green":2,"minecraft:oak_log":3,"chococraft:gold_gysahl":2,"minecraft:diamond":5,"minecraft:red_banner":1,"minecraft:cobblestone":116,"minecraft:rotten_flesh":1,"minecraft:jungle_planks":64,"minecraft:black_banner":2,"minecraft:shears":1,"minecraft:carrot":1,"minecraft:dirt":20,"minecraft:gray_wool":1,"minecraft:skeleton_skull":3,"minecraft:andesite":4,"minecraft:melon_slice":16,"minecraft:oak_sapling":1,"minecraft:spider_eye":1,"minecraft:jungle_sapling":6,"gravestone:obituary":4,"minecraft:painting":3,"minecraft:string":1,"minecraft:light_blue_banner":2,"minecraft:white_wool":3,"chococraft:gysahl_green":17},"minecraft:mined":{"minecraft:mossy_cobblestone":58,"minecraft:dark_oak_log":34,"minecraft:clay":36,"minecraft:crafting_table":5,"gravestone:gravestone":4,"minecraft:grass_block":2,"minecraft:chest":3,"minecraft:jungle_log":52,"minecraft:tall_grass":1,"minecraft:cobblestone":128,"minecraft:moss_block":4,"minecraft:wall_torch":2,"minecraft:spawner":2,"minecraft:skeleton_skull":2,"minecraft:black_stained_glass":1,"minecraft:dark_oak_slab":4,"minecraft:furnace":2,"minecraft:iron_ore":25,"minecraft:andesite":13,"minecraft:cave_vines":1,"minecraft:pumpkin":11,"minecraft:black_bed":1,"minecraft:grass":19,"chococraft:gysahl_green":10,"minecraft:coal_ore":68,"minecraft:oak_log":6,"minecraft:vine":2,"minecraft:iron_bars":2,"minecraft:dirt":1,"minecraft:wither_skeleton_skull":2,"minecraft:stone":403,"minecraft:stone_bricks":5,"minecraft:mossy_stone_bricks":5,"minecraft:deepslate":7,"minecraft:fern":4},"minecraft:custom":{"minecraft:interact_with_smithing_table":3,"minecraft:interact_with_furnace":26,"minecraft:mob_kills":19,"minecraft:interact_with_crafting_table":13,"minecraft:open_barrel":20,"minecraft:sleep_in_bed":3,"minecraft:time_since_death":74581,"minecraft:climb_one_cm":1570,"minecraft:time_since_rest":74607,"minecraft:sprint_one_cm":128307,"minecraft:damage_taken":1840,"minecraft:walk_one_cm":228925,"minecraft:damage_blocked_by_shield":50,"minecraft:drop":40,"minecraft:damage_dealt":3147,"minecraft:swim_one_cm":15843,"minecraft:fly_one_cm":42597,"minecraft:player_kills":1,"minecraft:open_chest":12,"minecraft:crouch_one_cm":1265,"minecraft:play_time":94922,"minecraft:deaths":2,"minecraft:sneak_time":1895,"minecraft:walk_under_water_one_cm":12779,"minecraft:jump":761,"minecraft:walk_on_water_one_cm":46869,"minecraft:total_world_time":94922,"minecraft:fall_one_cm":19451},"minecraft:used":{"minecraft:cooked_mutton":3,"minecraft:water_bucket":50,"minecraft:mossy_stone_bricks":3,"minecraft:stone_sword":23,"minecraft:stone_pickaxe":515,"minecraft:ender_pearl":1,"minecraft:shield":2,"minecraft:torch":27,"minecraft:mossy_cobblestone":52,"minecraft:crafting_table":6,"minecraft:carrot":17,"minecraft:wooden_axe":100,"minecraft:apple":1,"minecraft:iron_axe":7,"minecraft:iron_pickaxe":250,"minecraft:dark_oak_slab":4,"minecraft:stone_bricks":5,"minecraft:stone_axe":138,"minecraft:cobblestone":116,"minecraft:furnace":3,"minecraft:bucket":49,"minecraft:cooked_beef":4}},"DataVersion":3465}