{"stats":{"minecraft:crafted":{"minecraft:oak_planks":12,"minecraft:furnace":1,"minecraft:cooked_mutton":6,"minecraft:ladder":54,"minecraft:stone_pickaxe":10,"minecraft:dark_oak_planks":128,"minecraft:cooked_beef":4,"minecraft:crafting_table":1,"minecraft:stone_axe":1,"minecraft:air":0,"minecraft:dark_oak_slab":6,"minecraft:shield":1,"minecraft:stick":152,"minecraft:iron_ingot":11,"minecraft:iron_pickaxe":1,"minecraft:wooden_axe":2,"minecraft:torch":52},"minecraft:picked_up":{"chococraft:loverly_gysahl_green":3,"minecraft:crafting_table":7,"minecraft:chicken":1,"minecraft:clay_ball":156,"minecraft:enchanted_book":1,"minecraft:diamond_horse_armor":1,"gravestone:obituary":4,"minecraft:music_disc_cat":1,"minecraft:string":8,"minecraft:iron_axe":2,"minecraft:compass":1,"minecraft:cobbled_deepslate":475,"minecraft:beef":7,"minecraft:jungle_sapling":6,"minecraft:melon_slice":32,"minecraft:chest":3,"minecraft:furnace":3,"minecraft:dark_oak_sapling":9,"minecraft:stick":14,"minecraft:raw_iron":31,"minecraft:torch":31,"minecraft:porkchop":6,"minecraft:stone_sword":1,"minecraft:rotten_flesh":44,"minecraft:shears":1,"minecraft:black_banner":1,"minecraft:mutton":6,"minecraft:iron_bars":6,"minecraft:skeleton_skull":3,"minecraft:white_wool":8,"minecraft:cobblestone":990,"minecraft:feather":1,"minecraft:jungle_log":104,"minecraft:andesite":87,"minecraft:leather":3,"minecraft:tuff":21,"minecraft:oak_log":6,"minecraft:wither_skeleton_skull":6,"minecraft:lapis_lazuli":39,"minecraft:dirt":97,"chococraft:gysahl_green":17,"minecraft:apple":1,"minecraft:stone_bricks":5,"chococraft:gold_gysahl":4,"minecraft:wheat_seeds":6,"minecraft:stone_pickaxe":2,"minecraft:dark_oak_sign":1,"minecraft:mossy_stone_bricks":9,"minecraft:moss_block":8,"minecraft:dark_oak_slab":16,"minecraft:cooked_porkchop":6,"minecraft:pumpkin":11,"minecraft:jungle_planks":128,"chococraft:gysahl_green_seeds":6,"minecraft:dark_oak_log":32,"minecraft:spider_eye":4,"minecraft:mossy_cobblestone":62,"minecraft:pumpkin_seeds":5,"minecraft:diamond":5,"minecraft:stone_axe":1,"minecraft:painting":6,"minecraft:gray_wool":2,"minecraft:oak_sapling":1,"minecraft:melon_seeds":8,"minecraft:coal":155,"minecraft:ender_pearl":1},"minecraft:broken":{"minecraft:stone_pickaxe":9,"minecraft:stone_axe":1,"minecraft:iron_pickaxe":1,"minecraft:wooden_axe":1},"minecraft:killed":{"minecraft:cave_spider":1,"minecraft:chicken":1,"minecraft:drowned":1,"minecraft:pig":3,"minecraft:sheep":4,"minecraft:zombie":17,"minecraft:cow":3},"minecraft:dropped":{"chococraft:loverly_gysahl_green":2,"minecraft:wheat_seeds":2,"minecraft:oak_log":3,"chococraft:gold_gysahl":2,"minecraft:diamond":5,"minecraft:dark_oak_sapling":3,"minecraft:cobblestone":405,"minecraft:jungle_planks":64,"minecraft:black_banner":2,"minecraft:dirt":39,"minecraft:gray_wool":1,"minecraft:melon_slice":16,"minecraft:jungle_sapling":6,"gravestone:obituary":4,"minecraft:light_blue_banner":2,"minecraft:string":4,"minecraft:white_wool":3,"minecraft:red_banner":1,"minecraft:rotten_flesh":1,"minecraft:shears":1,"minecraft:carrot":1,"minecraft:skeleton_skull":3,"minecraft:andesite":12,"minecraft:melon_seeds":4,"minecraft:mossy_stone_bricks":2,"minecraft:oak_sapling":1,"minecraft:spider_eye":2,"minecraft:painting":3,"minecraft:iron_bars":2,"chococraft:gysahl_green":17},"minecraft:mined":{"minecraft:tuff":21,"minecraft:mossy_cobblestone":63,"minecraft:dark_oak_log":34,"gravestone:gravestone":4,"minecraft:grass_block":2,"minecraft:jungle_log":52,"minecraft:moss_block":4,"minecraft:spawner":2,"minecraft:furnace":3,"minecraft:iron_ore":27,"minecraft:cobbled_deepslate":69,"minecraft:andesite":76,"minecraft:pumpkin":11,"minecraft:deepslate_lapis_ore":1,"chococraft:gysahl_green":10,"minecraft:cave_vines":1,"minecraft:vine":2,"minecraft:iron_bars":2,"minecraft:stone":540,"minecraft:clay":37,"minecraft:crafting_table":7,"minecraft:chest":5,"minecraft:tall_grass":1,"minecraft:cobblestone":134,"minecraft:lapis_ore":4,"minecraft:diorite":6,"minecraft:wall_torch":7,"minecraft:skeleton_skull":2,"minecraft:black_stained_glass":1,"minecraft:dark_oak_slab":17,"minecraft:black_bed":1,"minecraft:grass":19,"minecraft:oak_log":6,"minecraft:coal_ore":68,"minecraft:dirt":1,"minecraft:wither_skeleton_skull":2,"minecraft:stone_bricks":5,"minecraft:mossy_stone_bricks":5,"minecraft:deepslate":410,"minecraft:fern":4},"minecraft:custom":{"minecraft:interact_with_smithing_table":3,"minecraft:mob_kills":32,"minecraft:interact_with_crafting_table":21,"minecraft:open_barrel":20,"minecraft:time_since_death":134581,"minecraft:climb_one_cm":25889,"minecraft:sprint_one_cm":129978,"minecraft:walk_one_cm":312133,"minecraft:damage_blocked_by_shield":50,"minecraft:drop":54,"minecraft:play_time":154922,"minecraft:deaths":2,"minecraft:sneak_time":6954,"minecraft:walk_under_water_one_cm":14335,"minecraft:jump":1082,"minecraft:walk_on_water_one_cm":103039,"minecraft:total_world_time":154922,"minecraft:interact_with_furnace":26,"minecraft:sleep_in_bed":3,"minecraft:time_since_rest":134607,"minecraft:damage_taken":2110,"minecraft:damage_dealt":4091,"minecraft:player_kills":1,"minecraft:swim_one_cm":15843,"minecraft:fly_one_cm":42811,"minecraft:open_chest":27,"minecraft:crouch_one_cm":6174,"minecraft:fall_one_cm":24400},"minecraft:used":{"minecraft:stone_sword":23,"minecraft:ladder":30,"minecraft:chest":2,"minecraft:shield":2,"minecraft:torch":39,"minecraft:carrot":17,"minecraft:wooden_axe":100,"minecraft:iron_axe":7,"minecraft:dark_oak_slab":21,"minecraft:stone_bricks":5,"minecraft:furnace":3,"minecraft:cooked_beef":4,"minecraft:cobbled_deepslate":205,"minecraft:cooked_mutton":3,"minecraft:mossy_stone_bricks":3,"minecraft:water_bucket":54,"minecraft:stone_pickaxe":1261,"minecraft:ender_pearl":1,"minecraft:mossy_cobblestone":54,"minecraft:crafting_table":8,"minecraft:apple":1,"minecraft:iron_pickaxe":250,"minecraft:stone_axe":169,"minecraft:cobblestone":160,"minecraft:cooked_porkchop":3,"minecraft:bucket":52}},"DataVersion":3465}