{"stats":{"minecraft:used":{"minecraft:spruce_slab":5,"minecraft:chest":2,"minecraft:spruce_planks":66,"minecraft:shield":51,"travelersbackpack:bat":7,"minecraft:mossy_stone_brick_slab":7,"minecraft:rotten_flesh":3,"minecraft:torch":29,"minecraft:dirt":2,"minecraft:granite":8,"minecraft:spruce_boat":5,"minecraft:wooden_axe":156,"minecraft:stone_brick_stairs":1,"minecraft:stone_bricks":25,"minecraft:bow":35,"minecraft:sweet_berries":109,"minecraft:furnace":2,"minecraft:cobbled_deepslate":1,"minecraft:cooked_mutton":5,"minecraft:water_bucket":79,"minecraft:diorite":1,"minecraft:stone_pickaxe":262,"minecraft:wooden_pickaxe":116,"minecraft:diamond_axe":282,"minecraft:crafting_table":16,"minecraft:white_bed":1,"minecraft:spruce_log":6,"chococraft:gysahl_green_seeds":3,"minecraft:iron_pickaxe":792,"minecraft:bread":4,"minecraft:stone_axe":93,"minecraft:wooden_sword":32,"minecraft:cobblestone":267,"minecraft:cooked_porkchop":1,"minecraft:andesite":20,"minecraft:bucket":77,"chococraft:gysahl_green":26},"minecraft:crafted":{"minecraft:wooden_sword":1,"minecraft:mossy_stone_brick_slab":12,"minecraft:furnace":1,"minecraft:cooked_mutton":13,"minecraft:spruce_slab":6,"minecraft:stone_pickaxe":2,"spore:armor_plate":3,"minecraft:chest":2,"minecraft:spruce_boat":4,"spore:living_core":1,"minecraft:cooked_porkchop":1,"spore:symbiotic_reagent":1,"minecraft:diamond_axe":1,"spore:plated_helmet":1,"minecraft:crafting_table":9,"minecraft:spruce_planks":308,"minecraft:wooden_pickaxe":2,"minecraft:stone_axe":1,"minecraft:air":0,"minecraft:shield":1,"minecraft:stick":24,"minecraft:iron_ingot":29,"minecraft:iron_pickaxe":2,"spore:plated_muscle":1,"minecraft:wooden_axe":3,"minecraft:white_bed":2,"spore:sausage":4,"spore:nerves":16},"minecraft:killed_by":{"spore:inf_human":1},"minecraft:dropped":{"minecraft:brown_mushroom":1,"minecraft:crafting_table":1,"minecraft:diamond_leggings":2,"minecraft:orange_tulip":2,"minecraft:cobblestone":4,"chococraft:gysahl_green_seeds":9,"minecraft:stick":5,"minecraft:dirt":13,"minecraft:snowball":14,"gravestone:obituary":17,"spore:mutated_heart":1,"minecraft:white_wool":4,"minecraft:spruce_sapling":12,"minecraft:stone_brick_slab":4,"minecraft:gravel":4,"minecraft:sweet_berries":3,"minecraft:cobbled_deepslate":25,"minecraft:andesite_slab":1,"minecraft:rotten_flesh":2,"minecraft:oak_planks":10,"minecraft:white_bed":1,"minecraft:spruce_planks":2,"minecraft:jungle_stairs":2,"minecraft:andesite":65,"minecraft:mossy_stone_bricks":1,"spore:vent_door":1,"minecraft:stone_bricks":12,"minecraft:spruce_slab":2,"minecraft:stone_brick_stairs":1},"minecraft:mined":{"minecraft:dark_prismarine":4,"spore:fungal_roots":2,"minecraft:tuff":9,"minecraft:spruce_planks":23,"spore:wall_growths_big":10,"spore:wall_growths":1,"minecraft:mossy_cobblestone":2,"minecraft:jungle_slab":3,"minecraft:spruce_trapdoor":4,"spore:lab_block3":1,"gravestone:gravestone":12,"minecraft:granite":91,"minecraft:chiseled_polished_blackstone":1,"minecraft:grass_block":21,"minecraft:jungle_planks":16,"minecraft:spruce_leaves":17,"spore:growths_small":1,"minecraft:spawner":3,"minecraft:large_fern":1,"minecraft:tall_seagrass":1,"minecraft:oak_trapdoor":1,"minecraft:furnace":1,"minecraft:iron_ore":29,"spore:blomfung":4,"spore:infested_stone":5,"spore:cdu":1,"minecraft:andesite":183,"minecraft:stripped_spruce_log":1,"minecraft:peony":3,"chococraft:gysahl_green":14,"minecraft:deepslate_iron_ore":1,"minecraft:vine":2,"minecraft:rail":2,"minecraft:oak_stairs":1,"minecraft:iron_bars":5,"minecraft:packed_ice":3,"minecraft:stone":431,"spore:vent_plate":2,"minecraft:deepslate_redstone_ore":11,"minecraft:brown_mushroom":1,"minecraft:glass_pane":1,"spore:vent_door":2,"minecraft:stone_brick_slab":5,"minecraft:observer":2,"minecraft:oak_fence":18,"minecraft:crafting_table":8,"minecraft:torch":1,"minecraft:jungle_stairs":3,"minecraft:poppy":1,"minecraft:andesite_slab":1,"minecraft:copper_ore":5,"minecraft:cobblestone":12,"minecraft:lapis_ore":12,"minecraft:oak_planks":2,"minecraft:diorite":31,"minecraft:wall_torch":1,"minecraft:sweet_berry_bush":36,"spore:bloomfung2":3,"minecraft:ice":5,"minecraft:wheat":5,"minecraft:black_wall_banner":6,"minecraft:blue_ice":2,"minecraft:spruce_log":158,"minecraft:grass":1,"minecraft:oak_log":8,"minecraft:coal_ore":122,"minecraft:mycelium":3,"minecraft:gravel":15,"minecraft:sand":1,"minecraft:dirt":19,"minecraft:cobweb":28,"minecraft:acacia_planks":2,"minecraft:stone_bricks":51,"minecraft:mossy_stone_bricks":22,"spore:remains":4,"minecraft:deepslate":65,"minecraft:fern":2},"minecraft:killed":{"spore:inf_hazmat":2,"minecraft:cave_spider":25,"minecraft:spider":2,"minecraft:skeleton":13,"minecraft:pig":1,"minecraft:zombie_villager":1,"minecraft:creeper":3,"minecraft:sheep":10,"spore:inf_villager":1,"minecraft:zombie":14,"spore:inf_human":1},"minecraft:picked_up":{"minecraft:crafting_table":9,"chococraft:loverly_gysahl_green":1,"spore:mutated_heart":1,"minecraft:wheat":5,"travelersbackpack:bat":1,"minecraft:brown_mushroom":1,"minecraft:stone_brick_stairs":2,"gravestone:obituary":7,"minecraft:string":45,"minecraft:raw_copper":13,"minecraft:diamond_leggings":1,"minecraft:cobbled_deepslate":70,"minecraft:spruce_planks":52,"minecraft:observer":2,"minecraft:spruce_slab":2,"minecraft:furnace":1,"minecraft:stick":21,"minecraft:raw_iron":30,"minecraft:oak_fence":5,"minecraft:torch":4,"minecraft:spruce_fence":1,"minecraft:porkchop":1,"minecraft:diorite":51,"minecraft:redstone":49,"minecraft:arrow":18,"minecraft:rotten_flesh":7,"minecraft:jungle_stairs":4,"minecraft:black_banner":5,"minecraft:mutton":13,"minecraft:rail":7,"minecraft:snowball":14,"minecraft:white_wool":13,"minecraft:cobblestone":393,"spore:cdu":1,"minecraft:feather":2,"minecraft:andesite":173,"minecraft:tuff":9,"minecraft:oak_log":8,"minecraft:gunpowder":1,"minecraft:lapis_lazuli":88,"minecraft:dirt":33,"minecraft:light_gray_concrete_powder":1,"chococraft:chocobo_feather":1,"minecraft:bone":15,"chococraft:gysahl_green":34,"minecraft:stone_bricks":45,"minecraft:bow":1,"minecraft:wheat_seeds":14,"minecraft:orange_tulip":2,"spore:mutated_fiber":4,"minecraft:mossy_stone_bricks":7,"minecraft:oak_planks":10,"spore:vent_door":1,"spore:cerebrum":1,"minecraft:chiseled_polished_blackstone":1,"minecraft:sweet_berries":87,"minecraft:stone_brick_slab":4,"minecraft:gravel":8,"minecraft:jungle_planks":16,"chococraft:gysahl_green_seeds":12,"minecraft:spruce_sapling":26,"minecraft:spruce_log":140,"minecraft:dark_prismarine":4,"minecraft:polished_andesite":2,"minecraft:slime_ball":10,"minecraft:spruce_boat":2,"minecraft:granite":89,"minecraft:bread":2,"spore:spine_fragment":2,"minecraft:coal":122,"minecraft:andesite_slab":1},"minecraft:custom":{"minecraft:mob_kills":76,"minecraft:interact_with_crafting_table":30,"minecraft:open_barrel":20,"minecraft:leave_game":1,"minecraft:time_since_death":4391,"minecraft:climb_one_cm":2695,"minecraft:sprint_one_cm":351640,"minecraft:walk_one_cm":637968,"minecraft:damage_blocked_by_shield":1675,"minecraft:drop":56,"minecraft:talked_to_villager":2,"minecraft:play_time":255758,"minecraft:sneak_time":13312,"minecraft:deaths":16,"minecraft:walk_under_water_one_cm":163320,"minecraft:jump":2071,"minecraft:walk_on_water_one_cm":72651,"minecraft:total_world_time":255758,"minecraft:interact_with_furnace":18,"minecraft:sleep_in_bed":5,"minecraft:time_since_rest":2745,"minecraft:damage_taken":7357,"minecraft:damage_dealt":9876,"minecraft:swim_one_cm":26856,"minecraft:player_kills":1,"minecraft:fly_one_cm":99748,"minecraft:open_chest":47,"minecraft:crouch_one_cm":9839,"minecraft:fall_one_cm":29347},"minecraft:broken":{"minecraft:golden_boots":1,"minecraft:wooden_pickaxe":2,"minecraft:stone_pickaxe":2,"minecraft:wooden_sword":1,"minecraft:stone_axe":1,"minecraft:iron_pickaxe":2,"minecraft:wooden_axe":2}},"DataVersion":3465}