{"stats":{"minecraft:used":{"minecraft:cooked_mutton":3,"minecraft:diorite":1,"minecraft:spruce_slab":5,"minecraft:stone_pickaxe":130,"minecraft:shield":30,"minecraft:spruce_planks":66,"minecraft:wooden_pickaxe":57,"minecraft:mossy_stone_brick_slab":7,"minecraft:diamond_axe":107,"minecraft:torch":22,"minecraft:dirt":2,"minecraft:crafting_table":11,"minecraft:spruce_log":6,"minecraft:spruce_boat":1,"minecraft:wooden_axe":156,"chococraft:gysahl_green_seeds":3,"minecraft:cobblestone":7,"minecraft:iron_pickaxe":186,"minecraft:stone_bricks":25,"minecraft:stone_brick_stairs":1,"minecraft:stone_axe":93,"minecraft:wooden_sword":32,"minecraft:bow":10,"minecraft:sweet_berries":87,"minecraft:furnace":1,"minecraft:andesite":2,"chococraft:gysahl_green":26},"minecraft:crafted":{"minecraft:wooden_sword":1,"minecraft:diamond_axe":1,"minecraft:crafting_table":6,"minecraft:spruce_planks":244,"minecraft:wooden_pickaxe":1,"minecraft:mossy_stone_brick_slab":12,"minecraft:furnace":1,"minecraft:stone_axe":1,"minecraft:cooked_mutton":3,"minecraft:shield":1,"minecraft:spruce_slab":6,"minecraft:stick":16,"minecraft:iron_pickaxe":1,"minecraft:stone_pickaxe":1,"minecraft:wooden_axe":3,"minecraft:spruce_boat":1},"minecraft:dropped":{"minecraft:brown_mushroom":1,"minecraft:diamond_leggings":2,"minecraft:rotten_flesh":2,"chococraft:gysahl_green_seeds":9,"minecraft:stick":3,"minecraft:dirt":13,"minecraft:snowball":14,"minecraft:andesite":1,"minecraft:mossy_stone_bricks":1,"spore:vent_door":1,"gravestone:obituary":7,"minecraft:stone_bricks":12,"minecraft:spruce_slab":2,"minecraft:stone_brick_stairs":1,"minecraft:white_wool":4,"minecraft:stone_brick_slab":4},"minecraft:mined":{"minecraft:spruce_planks":10,"minecraft:brown_mushroom":1,"minecraft:mossy_cobblestone":2,"spore:vent_door":1,"minecraft:stone_brick_slab":5,"minecraft:torch":1,"minecraft:oak_fence":18,"minecraft:crafting_table":5,"minecraft:spruce_trapdoor":4,"gravestone:gravestone":6,"minecraft:granite":15,"minecraft:grass_block":12,"minecraft:poppy":1,"minecraft:cobblestone":2,"minecraft:spruce_leaves":11,"minecraft:oak_planks":1,"minecraft:diorite":2,"minecraft:spawner":3,"minecraft:oak_trapdoor":1,"minecraft:furnace":1,"minecraft:iron_ore":2,"minecraft:ice":2,"minecraft:sweet_berry_bush":23,"minecraft:blue_ice":1,"spore:cdu":1,"minecraft:spruce_log":136,"minecraft:andesite":15,"minecraft:iron_bars":5,"minecraft:oak_log":8,"minecraft:peony":3,"minecraft:vine":2,"minecraft:grass":1,"chococraft:gysahl_green":10,"minecraft:coal_ore":45,"minecraft:mycelium":3,"minecraft:oak_stairs":1,"minecraft:gravel":10,"minecraft:dirt":10,"minecraft:packed_ice":3,"minecraft:cobweb":28,"minecraft:stone":169,"minecraft:stone_bricks":51,"minecraft:mossy_stone_bricks":22,"minecraft:fern":2,"spore:remains":2},"minecraft:killed":{"spore:inf_hazmat":2,"minecraft:cave_spider":25,"minecraft:zombie_villager":1,"minecraft:spider":2,"minecraft:creeper":1,"minecraft:sheep":3,"minecraft:skeleton":8,"minecraft:zombie":8},"minecraft:picked_up":{"spore:cdu":1,"minecraft:crafting_table":5,"chococraft:loverly_gysahl_green":1,"minecraft:feather":2,"minecraft:andesite":4,"minecraft:brown_mushroom":1,"minecraft:oak_log":8,"minecraft:stone_brick_stairs":2,"gravestone:obituary":2,"minecraft:gunpowder":1,"minecraft:dirt":25,"minecraft:string":44,"minecraft:light_gray_concrete_powder":1,"minecraft:bone":8,"chococraft:gysahl_green":26,"minecraft:stone_bricks":45,"minecraft:bow":1,"minecraft:orange_tulip":2,"minecraft:diamond_leggings":1,"minecraft:spruce_planks":48,"minecraft:mossy_stone_bricks":7,"minecraft:spruce_slab":2,"minecraft:oak_planks":7,"minecraft:furnace":1,"spore:vent_door":1,"minecraft:raw_iron":1,"minecraft:stick":19,"minecraft:sweet_berries":62,"minecraft:oak_fence":5,"minecraft:stone_brick_slab":4,"minecraft:torch":1,"minecraft:gravel":1,"minecraft:spruce_fence":1,"minecraft:diorite":1,"chococraft:gysahl_green_seeds":12,"minecraft:spruce_sapling":25,"minecraft:spruce_log":124,"minecraft:rotten_flesh":4,"minecraft:polished_andesite":2,"minecraft:arrow":9,"minecraft:spruce_boat":1,"minecraft:granite":12,"minecraft:mutton":3,"minecraft:coal":45,"minecraft:snowball":14,"minecraft:white_wool":7,"minecraft:cobblestone":134},"minecraft:custom":{"minecraft:interact_with_furnace":3,"minecraft:mob_kills":51,"minecraft:interact_with_crafting_table":13,"minecraft:open_barrel":20,"minecraft:time_since_death":74123,"minecraft:sleep_in_bed":1,"minecraft:climb_one_cm":2570,"minecraft:time_since_rest":74166,"minecraft:sprint_one_cm":140884,"minecraft:damage_taken":2891,"minecraft:walk_one_cm":333893,"minecraft:damage_blocked_by_shield":655,"minecraft:drop":29,"minecraft:damage_dealt":6800,"minecraft:swim_one_cm":7321,"minecraft:talked_to_villager":2,"minecraft:fly_one_cm":43686,"minecraft:open_chest":5,"minecraft:play_time":100305,"minecraft:crouch_one_cm":5420,"minecraft:deaths":6,"minecraft:sneak_time":5509,"minecraft:walk_under_water_one_cm":2661,"minecraft:jump":877,"minecraft:walk_on_water_one_cm":7546,"minecraft:total_world_time":100305,"minecraft:fall_one_cm":11633},"minecraft:broken":{"minecraft:stone_pickaxe":1,"minecraft:wooden_sword":1,"minecraft:stone_axe":1,"minecraft:wooden_axe":2,"minecraft:wooden_pickaxe":1}},"DataVersion":3465}