{"stats":{"minecraft:mined":{"minecraft:dark_oak_planks":16,"minecraft:tuff":44,"minecraft:spruce_planks":3,"minecraft:mossy_cobblestone":64,"minecraft:dark_oak_leaves":5,"minecraft:deepslate_diamond_ore":4,"minecraft:jungle_leaves":1,"minecraft:dark_oak_log":264,"minecraft:cave_vines_plant":2,"minecraft:dark_oak_fence":2,"minecraft:dark_oak_pressure_plate":1,"gravestone:gravestone":5,"minecraft:granite":13,"minecraft:allium":2,"minecraft:grass_block":43,"minecraft:spruce_fence":1,"minecraft:jungle_log":52,"minecraft:light_gray_bed":2,"minecraft:moss_block":4,"minecraft:spawner":2,"minecraft:large_fern":1,"minecraft:hay_block":20,"minecraft:furnace":3,"minecraft:iron_ore":58,"minecraft:cobbled_deepslate":104,"minecraft:barrel":2,"minecraft:andesite":108,"minecraft:stripped_spruce_log":5,"minecraft:pumpkin":11,"minecraft:deepslate_lapis_ore":11,"minecraft:flowering_azalea_leaves":1,"chococraft:gysahl_green":18,"minecraft:vine":4,"minecraft:cave_vines":2,"minecraft:deepslate_iron_ore":16,"minecraft:iron_bars":2,"minecraft:azalea_leaves":2,"minecraft:stone":740,"minecraft:polished_granite_stairs":1,"minecraft:spruce_slab":4,"minecraft:deepslate_redstone_ore":5,"minecraft:glass_pane":1,"minecraft:stripped_dark_oak_log":2,"minecraft:dandelion":2,"minecraft:polished_granite":17,"minecraft:clay":37,"minecraft:crafting_table":8,"minecraft:cornflower":1,"minecraft:chest":6,"minecraft:tall_grass":1,"minecraft:deepslate_coal_ore":14,"minecraft:cobblestone":173,"minecraft:lapis_ore":9,"minecraft:diorite":10,"minecraft:wall_torch":16,"minecraft:deepslate_copper_ore":2,"minecraft:skeleton_skull":2,"minecraft:spruce_stairs":2,"minecraft:seagrass":8,"minecraft:birch_planks":1,"minecraft:black_stained_glass":6,"minecraft:dark_oak_slab":17,"minecraft:birch_log":12,"minecraft:birch_leaves":4,"minecraft:black_bed":1,"minecraft:smooth_stone_slab":1,"minecraft:grass":26,"minecraft:oak_log":18,"minecraft:coal_ore":111,"minecraft:end_rod":1,"minecraft:dirt":92,"minecraft:wither_skeleton_skull":3,"minecraft:polished_andesite":16,"minecraft:stone_bricks":5,"minecraft:oak_leaves":1,"minecraft:mossy_stone_bricks":5,"minecraft:deepslate_emerald_ore":3,"minecraft:deepslate":519,"minecraft:fern":4},"minecraft:broken":{"minecraft:stone_pickaxe":13,"minecraft:iron_axe":2,"minecraft:stone_axe":2,"minecraft:iron_pickaxe":2,"minecraft:wooden_axe":1},"minecraft:used":{"minecraft:stone_sword":86,"minecraft:ladder":109,"minecraft:chest":7,"minecraft:shield":92,"minecraft:wooden_shovel":53,"minecraft:torch":75,"minecraft:dirt":22,"minecraft:carrot":17,"minecraft:tuff":22,"minecraft:dark_oak_planks":181,"minecraft:wooden_axe":100,"minecraft:iron_axe":399,"minecraft:dark_oak_slab":21,"minecraft:stone_bricks":5,"minecraft:bow":1,"minecraft:dark_oak_boat":1,"minecraft:furnace":4,"minecraft:cooked_cod":35,"minecraft:cooked_beef":4,"minecraft:cobbled_deepslate":327,"minecraft:light_gray_bed":1,"minecraft:cooked_mutton":6,"minecraft:water_bucket":55,"minecraft:mossy_stone_bricks":3,"minecraft:stone_pickaxe":1755,"minecraft:ender_pearl":1,"minecraft:glow_berries":12,"minecraft:mossy_cobblestone":54,"minecraft:crafting_table":11,"minecraft:apple":1,"minecraft:iron_pickaxe":540,"minecraft:polished_granite":8,"minecraft:stone_axe":180,"minecraft:cobblestone":408,"minecraft:cooked_porkchop":6,"minecraft:bucket":55,"minecraft:pumpkin_pie":1},"minecraft:dropped":{"chococraft:loverly_gysahl_green":2,"minecraft:wheat_seeds":2,"minecraft:oak_log":3,"chococraft:gold_gysahl":2,"minecraft:diamond":5,"minecraft:dark_oak_sapling":3,"minecraft:cobblestone":406,"minecraft:jungle_planks":64,"minecraft:black_banner":2,"minecraft:dirt":69,"minecraft:gray_wool":1,"minecraft:melon_slice":16,"minecraft:jungle_sapling":6,"gravestone:obituary":6,"minecraft:pumpkin_pie":1,"minecraft:string":4,"minecraft:light_blue_banner":2,"minecraft:dark_oak_planks":26,"minecraft:white_wool":3,"minecraft:tuff":2,"minecraft:stripped_dark_oak_log":1,"minecraft:red_banner":1,"minecraft:rotten_flesh":5,"minecraft:clay_ball":4,"minecraft:shears":1,"minecraft:carrot":1,"minecraft:skeleton_skull":3,"minecraft:chest":4,"minecraft:andesite":12,"minecraft:melon_seeds":4,"minecraft:mossy_stone_bricks":2,"minecraft:oak_sapling":1,"minecraft:spider_eye":2,"minecraft:painting":3,"minecraft:spruce_slab":6,"minecraft:iron_bars":2,"minecraft:bow":1,"minecraft:polished_granite":1,"chococraft:gysahl_green":17},"minecraft:picked_up":{"minecraft:crafting_table":8,"chococraft:loverly_gysahl_green":3,"minecraft:chicken":1,"minecraft:clay_ball":156,"minecraft:lead":3,"minecraft:enchanted_book":1,"minecraft:diamond_horse_armor":1,"gravestone:obituary":5,"minecraft:music_disc_cat":1,"minecraft:string":8,"minecraft:iron_axe":2,"minecraft:compass":1,"minecraft:cobbled_deepslate":619,"minecraft:beef":7,"minecraft:jungle_sapling":6,"minecraft:spruce_slab":6,"minecraft:melon_slice":32,"minecraft:chest":8,"minecraft:birch_sapling":4,"minecraft:furnace":3,"minecraft:dark_oak_sapling":15,"minecraft:stick":25,"minecraft:raw_iron":77,"minecraft:torch":40,"minecraft:spruce_stairs":2,"minecraft:porkchop":6,"minecraft:diorite":4,"minecraft:redstone":24,"minecraft:dark_oak_planks":15,"minecraft:stone_sword":1,"minecraft:arrow":6,"minecraft:light_gray_bed":2,"minecraft:rotten_flesh":98,"minecraft:pumpkin_pie":2,"minecraft:shears":1,"minecraft:black_banner":1,"minecraft:glow_berries":6,"minecraft:mutton":6,"minecraft:iron_bars":6,"minecraft:skeleton_skull":3,"minecraft:white_wool":8,"minecraft:cobblestone":1220,"minecraft:birch_log":12,"minecraft:feather":1,"minecraft:andesite":119,"minecraft:jungle_log":104,"minecraft:leather":3,"minecraft:dark_oak_boat":2,"minecraft:potato":1,"minecraft:tuff":46,"minecraft:oak_log":18,"minecraft:wither_skeleton_skull":7,"minecraft:lapis_lazuli":130,"minecraft:dirt":216,"minecraft:polished_granite":17,"minecraft:bone":3,"chococraft:gysahl_green":17,"minecraft:apple":1,"minecraft:stone_bricks":5,"chococraft:gold_gysahl":4,"minecraft:bow":1,"minecraft:wheat_seeds":7,"minecraft:iron_ingot":1,"minecraft:stone_pickaxe":2,"minecraft:dark_oak_sign":1,"minecraft:mossy_stone_bricks":9,"minecraft:moss_block":8,"minecraft:dark_oak_slab":17,"minecraft:cooked_porkchop":6,"minecraft:pumpkin":11,"minecraft:jungle_planks":128,"minecraft:stripped_spruce_log":5,"chococraft:gysahl_green_seeds":7,"minecraft:dark_oak_log":194,"minecraft:spider_eye":4,"minecraft:mossy_cobblestone":63,"minecraft:pumpkin_seeds":5,"minecraft:diamond":9,"minecraft:stone_axe":1,"minecraft:granite":13,"minecraft:painting":6,"minecraft:gray_wool":2,"minecraft:emerald":3,"minecraft:oak_sapling":2,"minecraft:melon_seeds":8,"minecraft:dark_oak_fence":2,"minecraft:stripped_dark_oak_log":1,"minecraft:coal":212,"minecraft:ender_pearl":1},"minecraft:custom":{"minecraft:interact_with_smithing_table":4,"minecraft:mob_kills":97,"minecraft:interact_with_crafting_table":42,"minecraft:open_barrel":38,"minecraft:leave_game":1,"minecraft:time_since_death":63738,"minecraft:climb_one_cm":114741,"minecraft:sprint_one_cm":364400,"minecraft:walk_one_cm":737624,"minecraft:damage_blocked_by_shield":1700,"minecraft:drop":70,"minecraft:talked_to_villager":1,"minecraft:play_time":324529,"minecraft:sneak_time":15880,"minecraft:deaths":3,"minecraft:walk_under_water_one_cm":39612,"minecraft:jump":2764,"minecraft:walk_on_water_one_cm":142055,"minecraft:total_world_time":324529,"minecraft:interact_with_furnace":35,"minecraft:interact_with_loom":1,"minecraft:sleep_in_bed":4,"minecraft:time_since_rest":59515,"minecraft:damage_taken":5865,"minecraft:damage_dealt":13498,"minecraft:player_kills":1,"minecraft:swim_one_cm":100655,"minecraft:fly_one_cm":143303,"minecraft:open_chest":150,"minecraft:crouch_one_cm":15672,"minecraft:fall_one_cm":67402},"minecraft:killed_by":{"minecraft:zombie":1},"minecraft:killed":{"minecraft:cave_spider":1,"minecraft:spider":1,"minecraft:skeleton":6,"minecraft:chicken":1,"minecraft:drowned":1,"minecraft:pig":3,"minecraft:sheep":4,"minecraft:zombie":73,"minecraft:cow":3},"minecraft:crafted":{"minecraft:oak_planks":12,"minecraft:dark_oak_boat":1,"minecraft:furnace":1,"minecraft:cooked_mutton":6,"minecraft:iron_axe":2,"minecraft:ladder":114,"minecraft:stone_pickaxe":14,"minecraft:chest":4,"minecraft:dark_oak_planks":420,"minecraft:cooked_beef":4,"minecraft:wooden_shovel":1,"minecraft:crafting_table":4,"minecraft:stone_axe":1,"minecraft:air":0,"minecraft:dark_oak_slab":6,"minecraft:shield":1,"minecraft:stick":319,"minecraft:iron_ingot":71,"minecraft:iron_pickaxe":3,"minecraft:wooden_axe":2,"minecraft:torch":124}},"DataVersion":3465}