{"stats":{"minecraft:crafted":{"minecraft:oak_planks":12,"minecraft:crafting_table":1,"minecraft:furnace":1,"minecraft:stick":4,"minecraft:stone_pickaxe":1,"minecraft:wooden_axe":2,"minecraft:torch":52},"minecraft:picked_up":{"minecraft:crafting_table":3,"chococraft:loverly_gysahl_green":3,"minecraft:jungle_log":104,"minecraft:leather":3,"minecraft:enchanted_book":1,"minecraft:oak_log":6,"gravestone:obituary":4,"minecraft:wither_skeleton_skull":6,"minecraft:string":1,"minecraft:dirt":59,"minecraft:iron_axe":2,"minecraft:compass":1,"minecraft:stone_bricks":5,"chococraft:gysahl_green":17,"minecraft:apple":1,"chococraft:gold_gysahl":4,"minecraft:wheat_seeds":2,"minecraft:beef":7,"minecraft:stone_pickaxe":2,"minecraft:dark_oak_sign":1,"minecraft:mossy_stone_bricks":5,"minecraft:jungle_sapling":6,"minecraft:melon_slice":32,"minecraft:chest":1,"minecraft:dark_oak_sapling":3,"minecraft:stick":14,"minecraft:raw_iron":5,"minecraft:pumpkin":11,"minecraft:torch":20,"minecraft:porkchop":6,"minecraft:jungle_planks":128,"chococraft:gysahl_green_seeds":6,"minecraft:dark_oak_log":32,"minecraft:spider_eye":1,"minecraft:stone_sword":1,"minecraft:diamond":5,"minecraft:stone_axe":1,"minecraft:shears":1,"minecraft:painting":6,"minecraft:gray_wool":2,"minecraft:black_banner":1,"minecraft:oak_sapling":1,"minecraft:coal":52,"minecraft:iron_bars":2,"minecraft:mutton":6,"minecraft:skeleton_skull":3,"minecraft:white_wool":8,"minecraft:cobblestone":177,"minecraft:ender_pearl":1},"minecraft:broken":{"minecraft:stone_pickaxe":1,"minecraft:stone_axe":1,"minecraft:wooden_axe":1},"minecraft:killed":{"minecraft:cave_spider":1,"minecraft:pig":3,"minecraft:sheep":4,"minecraft:zombie":1,"minecraft:cow":3},"minecraft:dropped":{"chococraft:loverly_gysahl_green":2,"minecraft:oak_log":3,"chococraft:gold_gysahl":2,"minecraft:diamond":5,"minecraft:red_banner":1,"minecraft:cobblestone":52,"minecraft:jungle_planks":64,"minecraft:black_banner":2,"minecraft:shears":1,"minecraft:carrot":1,"minecraft:dirt":20,"minecraft:gray_wool":1,"minecraft:skeleton_skull":3,"minecraft:melon_slice":16,"minecraft:oak_sapling":1,"minecraft:jungle_sapling":6,"gravestone:obituary":4,"minecraft:painting":3,"minecraft:light_blue_banner":2,"minecraft:white_wool":3,"chococraft:gysahl_green":17},"minecraft:mined":{"minecraft:dark_oak_log":34,"minecraft:crafting_table":3,"gravestone:gravestone":4,"minecraft:grass_block":2,"minecraft:chest":3,"minecraft:jungle_log":52,"minecraft:spawner":2,"minecraft:skeleton_skull":2,"minecraft:black_stained_glass":1,"minecraft:iron_ore":1,"minecraft:pumpkin":11,"minecraft:black_bed":1,"minecraft:grass":18,"chococraft:gysahl_green":10,"minecraft:coal_ore":52,"minecraft:oak_log":6,"minecraft:vine":2,"minecraft:iron_bars":2,"minecraft:dirt":1,"minecraft:wither_skeleton_skull":2,"minecraft:stone":103,"minecraft:stone_bricks":5,"minecraft:mossy_stone_bricks":5,"minecraft:fern":4},"minecraft:custom":{"minecraft:interact_with_smithing_table":3,"minecraft:interact_with_furnace":1,"minecraft:mob_kills":12,"minecraft:interact_with_crafting_table":3,"minecraft:open_barrel":20,"minecraft:sleep_in_bed":3,"minecraft:time_since_death":20581,"minecraft:climb_one_cm":1161,"minecraft:time_since_rest":20607,"minecraft:sprint_one_cm":122709,"minecraft:damage_taken":1415,"minecraft:walk_one_cm":149040,"minecraft:drop":35,"minecraft:damage_dealt":1941,"minecraft:swim_one_cm":15843,"minecraft:fly_one_cm":38923,"minecraft:player_kills":1,"minecraft:open_chest":8,"minecraft:crouch_one_cm":82,"minecraft:play_time":40922,"minecraft:deaths":2,"minecraft:sneak_time":82,"minecraft:walk_under_water_one_cm":693,"minecraft:jump":498,"minecraft:walk_on_water_one_cm":4105,"minecraft:total_world_time":40922,"minecraft:fall_one_cm":14700},"minecraft:used":{"minecraft:water_bucket":1,"minecraft:mossy_stone_bricks":3,"minecraft:stone_pickaxe":172,"minecraft:ender_pearl":1,"minecraft:torch":6,"minecraft:crafting_table":3,"minecraft:carrot":17,"minecraft:wooden_axe":100,"minecraft:apple":1,"minecraft:iron_axe":7,"minecraft:stone_bricks":5,"minecraft:stone_axe":101,"minecraft:cobblestone":9,"minecraft:furnace":1,"minecraft:bucket":1}},"DataVersion":3465}