{"stats":{"minecraft:crafted":{"minecraft:wooden_sword":1,"minecraft:crafting_table":3,"minecraft:wooden_pickaxe":1,"minecraft:flint_and_steel":1,"minecraft:diamond_pickaxe":1,"minecraft:stick":24,"minecraft:chest":4,"minecraft:iron_pickaxe":2,"minecraft:wooden_axe":3,"minecraft:torch":40,"minecraft:dark_oak_planks":140},"minecraft:picked_up":{"minecraft:crafting_table":1,"minecraft:oak_stairs":1,"minecraft:potion":6,"minecraft:flint":1,"minecraft:tuff":32,"gravestone:obituary":1,"minecraft:lapis_lazuli":21,"minecraft:string":1,"minecraft:oak_trapdoor":1,"minecraft:item_frame":1,"chococraft:gysahl_green":2,"minecraft:light_blue_banner":2,"minecraft:apple":1,"minecraft:stone_bricks":1,"minecraft:cobbled_deepslate":178,"minecraft:mossy_stone_bricks":3,"minecraft:sugar_cane":6,"minecraft:dark_oak_sapling":5,"minecraft:stick":4,"minecraft:raw_iron":10,"minecraft:torch":9,"minecraft:gravel":12,"chococraft:gysahl_green_seeds":2,"minecraft:diorite":20,"minecraft:redstone":9,"minecraft:dark_oak_log":155,"minecraft:spider_eye":1,"minecraft:white_candle":1,"minecraft:rotten_flesh":4,"minecraft:diamond":5,"minecraft:granite":28,"minecraft:iron_bars":2,"minecraft:coal":10,"minecraft:cobblestone":280},"minecraft:broken":{"minecraft:iron_pickaxe":2,"minecraft:wooden_axe":2},"minecraft:killed":{"minecraft:cave_spider":1,"minecraft:skeleton":1,"minecraft:zombie":4},"minecraft:dropped":{"minecraft:oak_trapdoor":1,"minecraft:glass_bottle":1,"minecraft:dark_oak_sapling":5,"minecraft:cobblestone":8,"chococraft:gysahl_green_seeds":2,"minecraft:stick":1,"minecraft:torch":21,"minecraft:wooden_axe":1,"minecraft:spider_eye":1,"minecraft:oak_stairs":1,"gravestone:obituary":3,"minecraft:wooden_sword":1,"minecraft:string":1},"minecraft:custom":{"minecraft:mob_kills":6,"minecraft:interact_with_crafting_table":8,"minecraft:open_barrel":34,"minecraft:interact_with_loom":1,"minecraft:eat_cake_slice":7,"minecraft:interact_with_stonecutter":1,"minecraft:leave_game":1,"minecraft:time_since_death":9549,"minecraft:sleep_in_bed":3,"minecraft:climb_one_cm":676,"minecraft:time_since_rest":9583,"minecraft:sprint_one_cm":117231,"minecraft:damage_taken":882,"minecraft:walk_one_cm":216936,"minecraft:drop":20,"minecraft:damage_dealt":1079,"minecraft:swim_one_cm":28348,"minecraft:fly_one_cm":77092,"minecraft:open_chest":19,"minecraft:crouch_one_cm":9652,"minecraft:play_time":79047,"minecraft:deaths":3,"minecraft:sneak_time":3830,"minecraft:walk_under_water_one_cm":10170,"minecraft:jump":654,"minecraft:walk_on_water_one_cm":3509,"minecraft:interact_with_smoker":1,"minecraft:total_world_time":79047,"minecraft:fall_one_cm":15540},"minecraft:mined":{"minecraft:deepslate_redstone_ore":2,"minecraft:tuff":33,"minecraft:deepslate_diamond_ore":5,"minecraft:dark_oak_log":172,"minecraft:crafting_table":1,"minecraft:torch":1,"gravestone:gravestone":3,"minecraft:granite":100,"minecraft:tall_grass":4,"minecraft:cobblestone":5,"minecraft:deepslate_coal_ore":9,"minecraft:sugar_cane":2,"minecraft:diorite":20,"minecraft:wall_torch":8,"minecraft:spawner":1,"minecraft:light_blue_wall_banner":2,"minecraft:fire":1,"minecraft:iron_ore":7,"minecraft:deepslate_lapis_ore":3,"minecraft:grass":7,"chococraft:gysahl_green":1,"minecraft:coal_ore":1,"minecraft:deepslate_iron_ore":3,"minecraft:iron_bars":1,"minecraft:gravel":13,"minecraft:dirt":20,"minecraft:stone_bricks":1,"minecraft:stone":423,"minecraft:mossy_stone_bricks":3,"minecraft:deepslate":179,"minecraft:fern":1},"minecraft:used":{"minecraft:light_blue_banner":2,"minecraft:water_bucket":3,"minecraft:mossy_stone_bricks":3,"minecraft:flint_and_steel":30,"minecraft:chest":4,"minecraft:wooden_pickaxe":7,"minecraft:sugar_cane":6,"minecraft:rotten_flesh":3,"minecraft:white_candle":1,"minecraft:torch":67,"minecraft:crafting_table":4,"minecraft:obsidian":1,"minecraft:wooden_axe":173,"minecraft:diamond_pickaxe":296,"minecraft:iron_pickaxe":502,"minecraft:gravel":12,"minecraft:potion":1,"minecraft:wooden_sword":6,"minecraft:item_frame":1,"minecraft:diamond_sword":21,"minecraft:cobblestone":135,"minecraft:bucket":1,"chococraft:gysahl_green":2,"minecraft:cobbled_deepslate":1,"minecraft:diamond_leggings":1}},"DataVersion":3465}