{"stats":{"minecraft:picked_up":{"minecraft:iron_chestplate":1,"minecraft:crafting_table":5,"chococraft:loverly_gysahl_green":62,"minecraft:allium":1,"minecraft:wheat":254,"minecraft:azure_bluet":4,"minecraft:lead":9,"minecraft:smithing_table":4,"gravestone:obituary":2,"minecraft:brewing_stand":1,"minecraft:cornflower":1,"minecraft:string":10,"minecraft:iron_axe":2,"minecraft:iron_leggings":1,"minecraft:blackstone":24,"minecraft:gold_nugget":31,"minecraft:beef":6,"minecraft:acacia_fence_gate":2,"minecraft:iron_pickaxe":2,"minecraft:poppy":3,"minecraft:spruce_slab":1,"minecraft:lectern":15,"minecraft:sugar_cane":20,"minecraft:birch_sapling":24,"minecraft:furnace":1,"minecraft:egg":8,"minecraft:raw_iron":34,"minecraft:stick":80,"minecraft:acacia_fence":5,"minecraft:oak_fence":4,"minecraft:torch":22,"minecraft:spruce_stairs":6,"minecraft:porkchop":7,"minecraft:cherry_log":12,"minecraft:diorite":5,"minecraft:carrot":208,"minecraft:cauldron":1,"minecraft:arrow":18,"minecraft:rotten_flesh":42,"minecraft:peony":3,"chococraft:chocobo_drumstick_raw":7,"minecraft:obsidian":10,"minecraft:mutton":10,"minecraft:cod":5,"minecraft:white_wool":8,"minecraft:cobblestone":45,"minecraft:stripped_oak_log":1,"minecraft:birch_log":468,"minecraft:pink_petals":2,"minecraft:lilac":1,"minecraft:basalt":189,"minecraft:water_bucket":1,"minecraft:salmon":1,"minecraft:leather":8,"minecraft:acacia_wood":4,"minecraft:birch_planks":57,"minecraft:flint":5,"chococraft:chocobo_saddle":1,"minecraft:oak_log":1547,"minecraft:chainmail_chestplate":1,"minecraft:gunpowder":2,"minecraft:wooden_hoe":1,"minecraft:dirt":707,"chococraft:chocobo_feather":111,"minecraft:bone":11,"chococraft:gysahl_green":1075,"minecraft:apple":9,"minecraft:kelp":1,"chococraft:gold_gysahl":18,"minecraft:wheat_seeds":805,"minecraft:oak_fence_gate":2,"minecraft:iron_ingot":9,"minecraft:stripped_oak_wood":9,"minecraft:fletching_table":3,"minecraft:iron_sword":1,"minecraft:oak_planks":54,"minecraft:book":3,"minecraft:dandelion":13,"minecraft:gravel":48,"minecraft:jungle_planks":2,"chococraft:gysahl_green_seeds":359,"minecraft:blast_furnace":1,"minecraft:grass_block":6,"minecraft:cyan_bed":11,"minecraft:spider_eye":4,"minecraft:barrel":6,"minecraft:diamond_shovel":1,"minecraft:chainmail_leggings":3,"minecraft:iron_helmet":2,"minecraft:cherry_sapling":2,"minecraft:bone_meal":1,"minecraft:emerald":54,"minecraft:oak_sapling":138,"minecraft:netherrack":150,"minecraft:coal":67,"minecraft:ender_pearl":2},"minecraft:dropped":{"minecraft:bread":41,"minecraft:birch_planks":1,"minecraft:wheat_seeds":367,"chococraft:choco_disguise_chestplate":1,"minecraft:iron_helmet":1,"minecraft:cobblestone":1,"minecraft:lead":2,"chococraft:gysahl_green_seeds":29,"chococraft:chocopedia":1,"minecraft:spruce_stairs":6,"minecraft:grass_block":3,"minecraft:cod":1,"minecraft:flint":1,"minecraft:stick":7,"minecraft:dirt":17,"minecraft:wooden_hoe":2,"minecraft:cornflower":1,"gravestone:obituary":5,"minecraft:iron_axe":1,"minecraft:iron_pickaxe":2,"minecraft:chainmail_leggings":14,"minecraft:white_wool":1,"minecraft:dandelion":4,"minecraft:bone":2,"minecraft:gravel":1,"minecraft:stone_axe":10,"minecraft:blackstone":24,"minecraft:kelp":1,"minecraft:sugar_cane":1,"minecraft:cobblestone_wall":6,"chococraft:chocobo_feather":2,"minecraft:wheat":97,"minecraft:stone_shovel":1,"minecraft:rotten_flesh":1,"minecraft:oak_planks":1,"minecraft:iron_boots":9,"minecraft:diamond_shovel":1,"minecraft:azure_bluet":3,"minecraft:chainmail_chestplate":8,"minecraft:poppy":3,"minecraft:gunpowder":2,"minecraft:allium":1,"minecraft:peony":3,"minecraft:iron_chestplate":1,"minecraft:oak_sapling":34,"minecraft:spider_eye":4,"minecraft:spruce_slab":1,"minecraft:basalt":160,"minecraft:arrow":1,"minecraft:acacia_fence":4,"chococraft:choco_disguise_helmet":1,"chococraft:gysahl_green":253,"minecraft:netherrack":150},"minecraft:used":{"minecraft:oak_fence":52,"minecraft:cherry_sapling":1,"minecraft:flint_and_steel":1,"minecraft:chest":3,"minecraft:stone":2,"chococraft:choco_disguise_chestplate":2,"minecraft:cooked_chicken":5,"minecraft:rotten_flesh":11,"minecraft:netherrack":56,"minecraft:iron_chestplate":1,"minecraft:torch":137,"minecraft:dirt":640,"minecraft:mutton":9,"minecraft:carrot":147,"minecraft:oak_fence_gate":4,"minecraft:azure_bluet":1,"minecraft:obsidian":10,"minecraft:milk_bucket":1,"chococraft:chocobo_drumstick_raw":2,"minecraft:lava_bucket":15,"minecraft:birch_sapling":24,"minecraft:iron_axe":2563,"minecraft:grass_block":3,"minecraft:iron_helmet":1,"minecraft:barrel":1,"minecraft:diamond_chestplate":3,"minecraft:basalt":56,"minecraft:beef":3,"minecraft:oak_sapling":93,"minecraft:furnace":1,"minecraft:acacia_fence":32,"minecraft:egg":6,"minecraft:iron_leggings":1,"minecraft:wheat_seeds":434,"minecraft:water_bucket":34,"minecraft:diorite":4,"minecraft:diamond_boots":1,"minecraft:birch_planks":430,"minecraft:lead":1,"minecraft:oak_planks":120,"minecraft:cherry_planks":4,"minecraft:cauldron":1,"minecraft:sugar_cane":15,"minecraft:fletching_table":5,"minecraft:salmon":1,"minecraft:crafting_table":7,"minecraft:blast_furnace":2,"minecraft:white_bed":2,"minecraft:cod":4,"minecraft:oak_log":23,"minecraft:wooden_hoe":350,"minecraft:diamond_pickaxe":412,"minecraft:apple":3,"minecraft:iron_pickaxe":121,"minecraft:diamond_shovel":579,"chococraft:gysahl_green_seeds":353,"minecraft:bread":5,"minecraft:cyan_bed":11,"minecraft:lectern":15,"minecraft:gravel":47,"minecraft:stone_axe":120,"minecraft:acacia_fence_gate":4,"minecraft:pink_petals":2,"minecraft:diamond_sword":21,"minecraft:cobblestone":17,"minecraft:porkchop":5,"minecraft:smithing_table":5,"minecraft:bucket":48,"minecraft:birch_log":6,"chococraft:gysahl_green":217,"minecraft:bone_meal":6},"minecraft:mined":{"minecraft:nether_gold_ore":8,"minecraft:oak_sapling":1,"minecraft:cherry_log":12,"minecraft:cherry_sapling":1,"minecraft:brewing_stand":1,"minecraft:obsidian":10,"gravestone:gravestone":5,"minecraft:allium":1,"minecraft:grass_block":515,"minecraft:jungle_planks":2,"minecraft:kelp":1,"minecraft:oxeye_daisy":1,"minecraft:carrots":56,"minecraft:furnace":1,"minecraft:iron_ore":33,"minecraft:barrel":6,"minecraft:fire":1,"minecraft:acacia_wood":5,"minecraft:fletching_table":3,"minecraft:peony":4,"minecraft:azure_bluet":3,"minecraft:bookshelf":1,"chococraft:gysahl_green":360,"minecraft:water_cauldron":1,"minecraft:stripped_oak_log":1,"minecraft:stone":35,"minecraft:spruce_slab":1,"minecraft:smithing_table":4,"minecraft:blackstone":31,"minecraft:basalt":195,"minecraft:dandelion":11,"minecraft:oak_fence":4,"minecraft:cornflower":1,"minecraft:crafting_table":5,"minecraft:torch":16,"minecraft:blast_furnace":1,"minecraft:lectern":15,"minecraft:tall_grass":116,"minecraft:cobblestone":2,"minecraft:cyan_bed":11,"minecraft:oak_planks":26,"minecraft:sugar_cane":7,"minecraft:wall_torch":8,"minecraft:diorite":4,"minecraft:pink_petals":1,"minecraft:spruce_stairs":6,"minecraft:birch_planks":64,"minecraft:acacia_fence_gate":2,"minecraft:birch_log":469,"minecraft:wheat":278,"minecraft:lilac":2,"minecraft:birch_leaves":24,"minecraft:stripped_oak_wood":10,"minecraft:bee_nest":7,"minecraft:grass":610,"minecraft:coal_ore":58,"minecraft:oak_log":1562,"minecraft:oak_fence_gate":2,"minecraft:cherry_leaves":1,"minecraft:acacia_fence":5,"minecraft:gravel":54,"minecraft:dirt":104,"minecraft:netherrack":150,"minecraft:oak_leaves":259},"minecraft:custom":{"minecraft:interact_with_smithing_table":3,"minecraft:mob_kills":93,"minecraft:animals_bred":18,"minecraft:interact_with_crafting_table":49,"minecraft:open_barrel":1,"minecraft:bell_ring":7,"minecraft:leave_game":12,"minecraft:time_since_death":34,"minecraft:climb_one_cm":118,"minecraft:sprint_one_cm":1767762,"minecraft:walk_one_cm":2032617,"minecraft:drop":248,"minecraft:talked_to_villager":194,"minecraft:play_time":653600,"minecraft:deaths":24,"minecraft:sneak_time":23850,"minecraft:walk_under_water_one_cm":42257,"minecraft:jump":10465,"minecraft:interact_with_brewingstand":1,"minecraft:interact_with_blast_furnace":6,"minecraft:walk_on_water_one_cm":43391,"minecraft:total_world_time":653600,"minecraft:interact_with_furnace":22,"minecraft:traded_with_villager":529,"minecraft:sleep_in_bed":30,"minecraft:time_since_rest":67,"minecraft:damage_taken":9381,"minecraft:damage_dealt":17722,"minecraft:swim_one_cm":144388,"minecraft:fly_one_cm":2376477,"minecraft:open_chest":158,"minecraft:crouch_one_cm":103034,"minecraft:fall_one_cm":326442,"minecraft:horse_one_cm":145},"minecraft:crafted":{"minecraft:cherry_planks":48,"chococraft:gysahl_cake":1,"minecraft:smooth_stone":3,"minecraft:oak_planks":6088,"minecraft:stone_shovel":1,"chococraft:chocobo_whistle":2,"minecraft:cooked_chicken":5,"minecraft:furnace":2,"minecraft:acacia_fence_gate":1,"minecraft:blast_furnace":1,"minecraft:stone":5,"minecraft:bone_meal":9,"minecraft:diamond_shovel":3,"minecraft:diamond_helmet":2,"minecraft:diamond_leggings":1,"minecraft:iron_boots":10,"minecraft:iron_axe":14,"minecraft:cobblestone_wall":6,"minecraft:chest":3,"minecraft:diamond_boots":1,"minecraft:oak_fence":63,"minecraft:chainmail_leggings":11,"minecraft:sugar":4,"minecraft:emerald":463,"minecraft:crafting_table":6,"minecraft:smithing_table":1,"minecraft:chainmail_chestplate":7,"chococraft:chocopedia":1,"minecraft:fletching_table":2,"minecraft:bucket":2,"minecraft:birch_planks":1804,"minecraft:stone_axe":10,"minecraft:bread":50,"minecraft:air":0,"minecraft:oak_fence_gate":2,"minecraft:white_wool":1,"minecraft:wooden_hoe":7,"minecraft:diamond_pickaxe":2,"minecraft:stick":14423,"minecraft:iron_ingot":34,"minecraft:chainmail_boots":2,"minecraft:gold_ingot":3,"chococraft:chocobo_saddle":1,"minecraft:white_bed":2,"chococraft:choco_disguise_chestplate":1,"minecraft:acacia_planks":16,"chococraft:gysahl_green_seeds":56,"minecraft:torch":124,"chococraft:choco_disguise_helmet":1,"minecraft:diamond_chestplate":2},"minecraft:killed":{"minecraft:spider":7,"minecraft:cod":6,"minecraft:skeleton":11,"minecraft:magma_cube":1,"minecraft:pig":4,"minecraft:salmon":1,"minecraft:creeper":3,"minecraft:sheep":6,"minecraft:trader_llama":2,"minecraft:zombie":33,"minecraft:enderman":1,"minecraft:cow":3,"chococraft:chocobo":12},"minecraft:broken":{"minecraft:iron_axe":9,"minecraft:leather_boots":1,"minecraft:wooden_hoe":5}},"DataVersion":3465}