{"stats":{"minecraft:used":{"minecraft:oak_fence":31,"minecraft:chest":4,"minecraft:spruce_planks":4,"minecraft:shield":6,"minecraft:iron_sword":105,"minecraft:wooden_shovel":12,"travelersbackpack:bat":1,"minecraft:rotten_flesh":5,"minecraft:torch":58,"minecraft:dirt":11,"minecraft:carrot":11,"minecraft:spruce_fence":36,"minecraft:snowball":7,"minecraft:oak_fence_gate":2,"chococraft:chocobo_drumstick_raw":2,"minecraft:wooden_axe":325,"minecraft:sweet_berries":14,"minecraft:oak_sapling":3,"minecraft:furnace":3,"minecraft:cooked_beef":1,"minecraft:potato":21,"minecraft:cobbled_deepslate":28,"minecraft:wheat_seeds":7,"minecraft:stone_pickaxe":190,"minecraft:wooden_pickaxe":37,"minecraft:spruce_fence_gate":2,"minecraft:crafting_table":10,"minecraft:white_bed":1,"minecraft:apple":1,"chococraft:gysahl_green_seeds":17,"minecraft:spruce_sapling":5,"minecraft:stone_axe":137,"minecraft:cobblestone":15,"travelersbackpack:standard":2,"minecraft:cooked_porkchop":1,"minecraft:andesite":1,"chococraft:gysahl_green":117,"minecraft:experience_bottle":6},"minecraft:crafted":{"minecraft:oak_planks":280,"minecraft:furnace":3,"minecraft:spruce_fence":48,"minecraft:stone_pickaxe":2,"minecraft:chest":3,"minecraft:oak_fence":132,"minecraft:cooked_beef":1,"minecraft:wooden_shovel":1,"minecraft:cooked_porkchop":1,"minecraft:crafting_table":4,"minecraft:spruce_planks":348,"minecraft:wooden_pickaxe":2,"minecraft:stone_axe":1,"minecraft:air":0,"minecraft:oak_fence_gate":2,"minecraft:shield":1,"minecraft:stick":172,"minecraft:iron_ingot":6,"minecraft:wooden_axe":5,"minecraft:spruce_fence_gate":2,"chococraft:gysahl_green_seeds":17,"minecraft:torch":64},"minecraft:dropped":{"minecraft:iron_ingot":1,"minecraft:wheat_seeds":11,"minecraft:orange_tulip":2,"chococraft:gysahl_green_seeds":1,"minecraft:granite":2,"gravestone:obituary":6,"minecraft:spruce_sapling":17,"minecraft:sweet_berries":9,"minecraft:cobbled_deepslate":4,"chococraft:chocobo_feather":1,"minecraft:birch_sapling":3,"minecraft:oak_planks":1,"travelersbackpack:bat":1,"minecraft:oak_sapling":25,"minecraft:wooden_shovel":1,"minecraft:spider_eye":1,"minecraft:wooden_pickaxe":1,"chococraft:gysahl_green":1},"minecraft:mined":{"minecraft:white_bed":2,"minecraft:oak_sapling":3,"gravestone:gravestone":5,"minecraft:granite":2,"minecraft:grass_block":23,"minecraft:spruce_fence":20,"minecraft:spruce_leaves":5,"minecraft:furnace":1,"minecraft:carrots":9,"minecraft:iron_ore":20,"minecraft:andesite":1,"chococraft:gysahl_green":52,"minecraft:potatoes":12,"minecraft:dirt_path":3,"minecraft:rail":49,"minecraft:white_tulip":1,"minecraft:stone":85,"minecraft:oak_fence":1,"minecraft:crafting_table":6,"minecraft:torch":1,"minecraft:polished_andesite_stairs":1,"minecraft:tall_grass":1,"minecraft:wall_torch":4,"minecraft:birch_log":86,"minecraft:wheat":6,"minecraft:sweet_berry_bush":12,"minecraft:ice":3,"minecraft:spruce_log":119,"minecraft:orange_tulip":2,"minecraft:grass":14,"minecraft:oak_log":169,"minecraft:coal_ore":19,"minecraft:gravel":3,"minecraft:dirt":13,"minecraft:cobweb":1,"minecraft:oak_leaves":2,"minecraft:deepslate":41,"spore:remains":1},"minecraft:killed":{"minecraft:cave_spider":1,"minecraft:spider":2,"spore:leaper":1,"minecraft:skeleton":1,"minecraft:pig":1,"spore:inf_player":2,"spore:inf_drowned":3,"minecraft:creeper":1,"spore:inf_villager":2,"spore:inf_human":5,"minecraft:zombie":1,"spore:busser":2,"minecraft:cow":2,"chococraft:chocobo":1},"minecraft:picked_up":{"chococraft:loverly_gysahl_green":7,"minecraft:crafting_table":6,"spore:mutated_heart":2,"minecraft:wheat":8,"travelersbackpack:bat":1,"minecraft:packed_ice":4,"minecraft:wooden_pickaxe":1,"gravestone:obituary":3,"minecraft:string":6,"minecraft:diamond_leggings":1,"spore:ice_canister":11,"minecraft:cobbled_deepslate":41,"minecraft:spruce_planks":173,"minecraft:beef":3,"minecraft:white_tulip":1,"minecraft:chest":1,"minecraft:birch_sapling":53,"minecraft:furnace":1,"minecraft:stick":139,"minecraft:raw_iron":20,"spore:wing_membrane":2,"minecraft:oak_fence":1,"minecraft:torch":6,"minecraft:spruce_fence":20,"minecraft:porkchop":1,"minecraft:carrot":35,"minecraft:arrow":6,"minecraft:rotten_flesh":7,"minecraft:beetroot_seeds":1,"chococraft:chocobo_drumstick_raw":2,"spore:tendons":10,"minecraft:snowball":59,"minecraft:rail":52,"minecraft:cobblestone":94,"minecraft:birch_log":143,"minecraft:andesite":3,"minecraft:leather":1,"minecraft:potato":40,"minecraft:ice":18,"minecraft:oak_log":159,"minecraft:dirt":70,"chococraft:chocobo_feather":13,"minecraft:bone":3,"chococraft:gysahl_green":138,"minecraft:apple":4,"chococraft:gold_gysahl":1,"minecraft:wheat_seeds":19,"minecraft:orange_tulip":2,"spore:mutated_fiber":19,"minecraft:mossy_stone_bricks":1,"minecraft:oak_planks":1,"minecraft:polished_andesite_stairs":2,"minecraft:sweet_berries":21,"spore:armor_fragment":4,"minecraft:gravel":5,"minecraft:spruce_sapling":54,"chococraft:gysahl_green_seeds":48,"minecraft:white_bed":2,"minecraft:spruce_log":147,"minecraft:spider_eye":1,"travelersbackpack:standard":1,"spore:claw_fragment":12,"minecraft:polished_andesite":2,"minecraft:granite":2,"minecraft:blue_ice":52,"minecraft:oak_sapling":94,"minecraft:coal":21},"minecraft:custom":{"minecraft:mob_kills":25,"minecraft:animals_bred":4,"minecraft:interact_with_crafting_table":40,"minecraft:open_barrel":2,"minecraft:leave_game":5,"minecraft:time_since_death":23904,"minecraft:sprint_one_cm":416457,"minecraft:walk_one_cm":500865,"minecraft:damage_blocked_by_shield":180,"minecraft:drop":25,"minecraft:talked_to_villager":1,"minecraft:play_time":142925,"minecraft:deaths":5,"minecraft:sneak_time":2270,"minecraft:walk_under_water_one_cm":19541,"minecraft:jump":2696,"minecraft:walk_on_water_one_cm":10391,"minecraft:total_world_time":142925,"minecraft:interact_with_furnace":12,"minecraft:sleep_in_bed":4,"minecraft:time_since_rest":16647,"minecraft:damage_taken":3257,"minecraft:damage_dealt":6100,"minecraft:swim_one_cm":50001,"minecraft:fly_one_cm":555949,"minecraft:open_chest":25,"minecraft:crouch_one_cm":5052,"minecraft:fall_one_cm":52964},"minecraft:broken":{"minecraft:wooden_axe":5}},"DataVersion":3465}