{"stats":{"minecraft:picked_up":{"chococraft:loverly_gysahl_green":80,"minecraft:iron_chestplate":1,"minecraft:wheat":254,"minecraft:smithing_table":4,"minecraft:lead":9,"minecraft:brewing_stand":1,"minecraft:golden_sword":3,"minecraft:polished_blackstone_brick_stairs":1,"minecraft:string":10,"minecraft:iron_leggings":1,"minecraft:gold_nugget":83,"minecraft:acacia_fence_gate":2,"minecraft:iron_pickaxe":2,"minecraft:furnace":1,"minecraft:stick":80,"minecraft:acacia_fence":5,"minecraft:oak_fence":4,"minecraft:torch":25,"minecraft:spruce_stairs":6,"minecraft:porkchop":32,"minecraft:cherry_log":12,"minecraft:diorite":5,"minecraft:cauldron":1,"minecraft:rotten_flesh":44,"chococraft:chocobo_drumstick_raw":7,"minecraft:obsidian":10,"minecraft:cod":5,"minecraft:cobblestone":59,"minecraft:birch_log":468,"minecraft:pink_petals":2,"minecraft:lilac":1,"minecraft:water_bucket":1,"minecraft:flint":6,"minecraft:dirt":1084,"minecraft:bone":11,"minecraft:wheat_seeds":810,"minecraft:fletching_table":3,"minecraft:oak_planks":54,"minecraft:cooked_porkchop":8,"minecraft:sand":1,"minecraft:jungle_planks":2,"minecraft:grass_block":6,"minecraft:cyan_bed":11,"minecraft:dark_oak_log":4,"minecraft:barrel":6,"minecraft:cracked_polished_blackstone_bricks":3,"minecraft:bone_meal":1,"minecraft:emerald":54,"minecraft:oak_sapling":138,"minecraft:netherrack":234,"minecraft:crafting_table":7,"minecraft:allium":1,"minecraft:azure_bluet":4,"minecraft:brown_mushroom":1,"gravestone:obituary":3,"minecraft:cornflower":1,"minecraft:iron_axe":2,"minecraft:blackstone":26,"minecraft:beef":6,"minecraft:poppy":3,"minecraft:spruce_slab":1,"minecraft:lectern":15,"minecraft:sugar_cane":20,"minecraft:birch_sapling":24,"minecraft:egg":8,"minecraft:raw_iron":40,"minecraft:polished_blackstone_bricks":4,"minecraft:carrot":208,"minecraft:arrow":18,"minecraft:peony":3,"minecraft:mutton":10,"minecraft:white_wool":8,"minecraft:stripped_oak_log":1,"minecraft:basalt":196,"minecraft:crimson_stem":7,"minecraft:salmon":1,"minecraft:leather":16,"minecraft:acacia_wood":4,"minecraft:birch_planks":57,"chococraft:chocobo_saddle":1,"minecraft:oak_log":1547,"minecraft:chainmail_chestplate":1,"minecraft:gunpowder":2,"minecraft:wooden_hoe":1,"chococraft:chocobo_feather":126,"chococraft:gysahl_green":1293,"minecraft:apple":9,"chococraft:gold_gysahl":21,"minecraft:kelp":1,"minecraft:oak_fence_gate":2,"minecraft:iron_ingot":9,"minecraft:stripped_oak_wood":9,"minecraft:soul_sand":2,"minecraft:iron_sword":1,"minecraft:book":3,"minecraft:dandelion":13,"minecraft:gravel":83,"chococraft:gysahl_green_seeds":443,"minecraft:blast_furnace":1,"minecraft:spider_eye":4,"minecraft:diamond_shovel":1,"chococraft:choco_disguise_helmet":1,"minecraft:chainmail_leggings":3,"minecraft:iron_helmet":2,"minecraft:cherry_sapling":2,"minecraft:coal":72,"minecraft:ender_pearl":2},"minecraft:dropped":{"minecraft:brown_mushroom":1,"minecraft:birch_planks":1,"chococraft:loverly_gysahl_green":20,"chococraft:chocopedia":1,"minecraft:cod":1,"minecraft:flint":1,"minecraft:dirt":17,"minecraft:cornflower":1,"minecraft:gilded_blackstone":3,"gravestone:obituary":18,"minecraft:gold_nugget":7,"chococraft:choco_disguise_boots":1,"minecraft:iron_pickaxe":2,"minecraft:white_wool":1,"minecraft:bone":3,"minecraft:gravel":34,"minecraft:stone_axe":10,"minecraft:blackstone":24,"minecraft:sugar_cane":1,"minecraft:wheat":97,"minecraft:rotten_flesh":3,"minecraft:oak_planks":1,"minecraft:diamond_shovel":2,"minecraft:azure_bluet":3,"minecraft:chainmail_chestplate":8,"minecraft:poppy":3,"minecraft:gunpowder":2,"minecraft:spruce_slab":1,"minecraft:basalt":160,"minecraft:arrow":1,"minecraft:acacia_fence":4,"chococraft:choco_disguise_helmet":2,"minecraft:netherrack":186,"minecraft:golden_boots":2,"minecraft:bread":41,"minecraft:wheat_seeds":372,"chococraft:choco_disguise_chestplate":2,"minecraft:lead":2,"minecraft:iron_helmet":1,"minecraft:cobblestone":4,"chococraft:gysahl_green_seeds":36,"minecraft:spruce_stairs":6,"minecraft:grass_block":3,"minecraft:stick":10,"minecraft:diorite":1,"minecraft:wooden_hoe":2,"minecraft:iron_axe":2,"minecraft:chainmail_leggings":14,"minecraft:dandelion":4,"minecraft:kelp":1,"minecraft:cobblestone_wall":6,"chococraft:chocobo_feather":7,"chococraft:choco_disguise_leggings":1,"minecraft:stone_shovel":1,"minecraft:iron_boots":9,"minecraft:allium":1,"minecraft:peony":3,"minecraft:iron_chestplate":1,"minecraft:oak_sapling":37,"minecraft:golden_sword":3,"minecraft:spider_eye":4,"minecraft:stone_pickaxe":1,"minecraft:wooden_pickaxe":1,"chococraft:gysahl_green":330},"minecraft:used":{"minecraft:cherry_sapling":1,"minecraft:chest":3,"minecraft:shield":26,"minecraft:stone":2,"chococraft:choco_disguise_chestplate":2,"minecraft:rotten_flesh":11,"minecraft:iron_chestplate":1,"minecraft:mutton":9,"minecraft:carrot":158,"minecraft:azure_bluet":1,"minecraft:milk_bucket":1,"minecraft:obsidian":10,"minecraft:lava_bucket":15,"minecraft:grass_block":3,"minecraft:birch_sapling":24,"minecraft:iron_helmet":1,"minecraft:bow":28,"minecraft:oak_sapling":93,"minecraft:furnace":2,"minecraft:acacia_fence":32,"minecraft:egg":6,"minecraft:golden_boots":1,"minecraft:diorite":4,"minecraft:diamond_boots":2,"minecraft:stone_pickaxe":10,"minecraft:oak_planks":120,"minecraft:blackstone":2,"minecraft:wooden_pickaxe":21,"minecraft:sugar_cane":15,"minecraft:blast_furnace":2,"minecraft:crossbow":5,"minecraft:cyan_bed":11,"minecraft:bread":5,"minecraft:lectern":15,"minecraft:gravel":54,"minecraft:diamond_sword":196,"minecraft:smithing_table":5,"minecraft:birch_log":6,"chococraft:gysahl_green":350,"minecraft:bone_meal":6,"minecraft:oak_fence":52,"minecraft:flint_and_steel":5,"minecraft:cooked_chicken":5,"minecraft:netherrack":104,"minecraft:torch":147,"minecraft:dirt":813,"chococraft:choco_disguise_helmet":1,"minecraft:oak_fence_gate":4,"chococraft:choco_disguise_boots":2,"chococraft:chocobo_drumstick_raw":7,"minecraft:iron_axe":2571,"minecraft:polished_blackstone_brick_stairs":1,"minecraft:crimson_planks":4,"minecraft:barrel":1,"minecraft:diamond_chestplate":3,"minecraft:basalt":63,"minecraft:beef":3,"minecraft:iron_leggings":1,"minecraft:wheat_seeds":434,"minecraft:water_bucket":34,"minecraft:birch_planks":430,"minecraft:lead":1,"minecraft:cherry_planks":4,"minecraft:cauldron":1,"minecraft:fletching_table":5,"minecraft:polished_blackstone_bricks":2,"minecraft:salmon":1,"minecraft:crafting_table":12,"minecraft:white_bed":2,"minecraft:cod":4,"minecraft:oak_log":23,"minecraft:wooden_hoe":350,"minecraft:diamond_pickaxe":500,"minecraft:apple":3,"minecraft:diamond_shovel":982,"chococraft:gysahl_green_seeds":435,"minecraft:cracked_polished_blackstone_bricks":3,"minecraft:iron_pickaxe":121,"minecraft:acacia_fence_gate":4,"minecraft:stone_axe":120,"minecraft:pink_petals":2,"minecraft:cobblestone":17,"minecraft:porkchop":5,"minecraft:cooked_porkchop":15,"minecraft:bucket":48},"minecraft:mined":{"minecraft:oak_sapling":1,"minecraft:cherry_log":12,"minecraft:brewing_stand":1,"minecraft:obsidian":10,"minecraft:grass_block":834,"minecraft:cracked_polished_blackstone_bricks":3,"minecraft:oxeye_daisy":1,"minecraft:polished_blackstone_bricks":4,"minecraft:weeping_vines_plant":1,"minecraft:iron_ore":41,"minecraft:fire":4,"minecraft:barrel":6,"minecraft:fletching_table":3,"minecraft:azure_bluet":3,"chococraft:gysahl_green":444,"minecraft:water_cauldron":1,"minecraft:dirt_path":1,"minecraft:spruce_slab":1,"minecraft:brown_mushroom":1,"minecraft:blackstone":34,"minecraft:torch":18,"minecraft:blast_furnace":1,"minecraft:mushroom_stem":2,"minecraft:cobblestone":2,"minecraft:cyan_bed":11,"minecraft:sugar_cane":7,"minecraft:oak_planks":26,"minecraft:wall_torch":9,"minecraft:pink_petals":1,"minecraft:birch_log":469,"minecraft:wheat":278,"minecraft:lilac":2,"minecraft:stripped_oak_wood":10,"minecraft:grass":616,"minecraft:oak_log":1562,"minecraft:oak_fence_gate":2,"minecraft:acacia_fence":5,"minecraft:sand":2,"minecraft:dirt":140,"minecraft:netherrack":205,"minecraft:oak_leaves":259,"minecraft:nether_gold_ore":22,"minecraft:cherry_sapling":1,"minecraft:dark_oak_log":4,"gravestone:gravestone":22,"minecraft:allium":1,"minecraft:jungle_planks":2,"minecraft:kelp":1,"minecraft:crimson_stem":7,"minecraft:furnace":1,"minecraft:carrots":56,"minecraft:acacia_wood":5,"minecraft:peony":4,"minecraft:bookshelf":1,"minecraft:stripped_oak_log":1,"minecraft:stone":50,"minecraft:smithing_table":4,"minecraft:soul_sand":2,"minecraft:basalt":203,"minecraft:dandelion":11,"minecraft:oak_fence":4,"minecraft:crafting_table":7,"minecraft:cornflower":1,"minecraft:lectern":15,"minecraft:tall_grass":118,"minecraft:polished_blackstone_brick_stairs":1,"minecraft:diorite":4,"minecraft:spruce_stairs":6,"minecraft:birch_planks":64,"minecraft:acacia_fence_gate":2,"minecraft:birch_leaves":24,"minecraft:bee_nest":7,"minecraft:coal_ore":64,"minecraft:cherry_leaves":1,"minecraft:gravel":93},"minecraft:custom":{"minecraft:animals_bred":20,"minecraft:interact_with_crafting_table":77,"minecraft:open_barrel":1,"minecraft:bell_ring":7,"minecraft:leave_game":13,"minecraft:time_since_death":33690,"minecraft:sprint_one_cm":2010468,"minecraft:damage_blocked_by_shield":1055,"minecraft:drop":299,"minecraft:talked_to_villager":194,"minecraft:play_time":785727,"minecraft:deaths":39,"minecraft:jump":12475,"minecraft:interact_with_brewingstand":1,"minecraft:walk_on_water_one_cm":57415,"minecraft:interact_with_furnace":30,"minecraft:traded_with_villager":529,"minecraft:sleep_in_bed":30,"minecraft:damage_dealt":27885,"minecraft:crouch_one_cm":128691,"minecraft:horse_one_cm":145,"minecraft:interact_with_smithing_table":3,"minecraft:mob_kills":149,"minecraft:climb_one_cm":327,"minecraft:walk_one_cm":2264975,"minecraft:sneak_time":32722,"minecraft:walk_under_water_one_cm":55530,"minecraft:interact_with_blast_furnace":6,"minecraft:total_world_time":785727,"minecraft:time_since_rest":34323,"minecraft:damage_taken":17990,"minecraft:swim_one_cm":218652,"minecraft:fly_one_cm":2713327,"minecraft:open_chest":201,"minecraft:fall_one_cm":413773},"minecraft:crafted":{"minecraft:oak_planks":6088,"minecraft:smooth_stone":3,"chococraft:gysahl_cake":1,"chococraft:chocobo_whistle":3,"minecraft:cooked_chicken":5,"minecraft:stone":5,"minecraft:diamond_shovel":3,"minecraft:iron_boots":10,"minecraft:diamond_helmet":2,"minecraft:diamond_leggings":1,"minecraft:chest":3,"minecraft:oak_fence":63,"minecraft:golden_boots":3,"minecraft:emerald":463,"minecraft:crafting_table":10,"minecraft:wooden_pickaxe":1,"minecraft:chainmail_chestplate":7,"minecraft:smithing_table":1,"chococraft:chocopedia":1,"minecraft:fletching_table":2,"minecraft:birch_planks":1804,"minecraft:wooden_hoe":7,"minecraft:diamond_pickaxe":2,"minecraft:shield":1,"minecraft:stick":14435,"minecraft:iron_ingot":38,"minecraft:gold_ingot":8,"chococraft:gysahl_green_seeds":56,"minecraft:cherry_planks":48,"minecraft:stone_shovel":1,"minecraft:furnace":3,"minecraft:acacia_fence_gate":1,"minecraft:blast_furnace":1,"minecraft:bone_meal":9,"minecraft:flint_and_steel":1,"minecraft:iron_axe":14,"chococraft:choco_disguise_leggings":2,"minecraft:stone_pickaxe":1,"minecraft:cobblestone_wall":6,"minecraft:diamond_boots":1,"minecraft:dark_oak_planks":16,"minecraft:chainmail_leggings":11,"minecraft:sugar":4,"minecraft:crimson_planks":28,"chococraft:choco_disguise_boots":2,"minecraft:bucket":2,"minecraft:stone_axe":10,"minecraft:bread":50,"minecraft:air":0,"minecraft:oak_fence_gate":2,"minecraft:white_wool":1,"minecraft:chainmail_boots":2,"chococraft:chocobo_saddle":1,"chococraft:choco_disguise_chestplate":3,"minecraft:white_bed":2,"minecraft:acacia_planks":16,"minecraft:torch":144,"chococraft:choco_disguise_helmet":3,"minecraft:diamond_chestplate":2},"minecraft:killed":{"minecraft:spider":7,"minecraft:cod":6,"minecraft:skeleton":11,"minecraft:piglin_brute":6,"minecraft:magma_cube":1,"minecraft:piglin":26,"minecraft:pig":4,"minecraft:salmon":1,"minecraft:creeper":3,"minecraft:sheep":6,"minecraft:trader_llama":2,"minecraft:zombie":33,"minecraft:ghast":1,"minecraft:cow":3,"chococraft:chocobo":12,"minecraft:hoglin":15,"minecraft:enderman":1},"minecraft:broken":{"minecraft:golden_boots":1,"minecraft:iron_axe":9,"minecraft:leather_boots":1,"minecraft:wooden_hoe":5}},"DataVersion":3465}