{"stats":{"minecraft:crafted":{"minecraft:wooden_sword":1,"minecraft:crafting_table":3,"minecraft:wooden_pickaxe":1,"minecraft:air":0,"minecraft:flint_and_steel":1,"minecraft:diamond_pickaxe":1,"minecraft:stick":24,"minecraft:chest":4,"minecraft:iron_pickaxe":2,"minecraft:wooden_axe":3,"minecraft:torch":48,"minecraft:dark_oak_planks":140},"minecraft:picked_up":{"chococraft:loverly_gysahl_green":2,"minecraft:crafting_table":1,"minecraft:oak_stairs":1,"minecraft:potion":6,"minecraft:flint":2,"minecraft:tuff":117,"gravestone:obituary":1,"minecraft:dirt":6,"minecraft:lapis_lazuli":21,"minecraft:string":1,"minecraft:oak_trapdoor":1,"minecraft:item_frame":1,"chococraft:gysahl_green":31,"minecraft:light_blue_banner":2,"minecraft:apple":1,"minecraft:stone_bricks":1,"chococraft:gold_gysahl":1,"minecraft:cobbled_deepslate":1090,"minecraft:raw_gold":4,"minecraft:mossy_stone_bricks":3,"minecraft:sugar_cane":6,"minecraft:dark_oak_sapling":5,"minecraft:stick":4,"minecraft:raw_iron":10,"minecraft:torch":24,"minecraft:gravel":28,"chococraft:gysahl_green_seeds":14,"minecraft:diorite":20,"minecraft:deepslate_tile_stairs":3,"minecraft:redstone":44,"minecraft:dark_oak_log":155,"minecraft:spider_eye":1,"minecraft:white_candle":1,"minecraft:rotten_flesh":4,"minecraft:diamond":9,"minecraft:granite":56,"minecraft:iron_bars":2,"minecraft:coal":35,"minecraft:cobblestone":373,"minecraft:diamond_pickaxe":1},"minecraft:broken":{"minecraft:iron_pickaxe":2,"minecraft:wooden_axe":2},"minecraft:killed":{"minecraft:cave_spider":1,"minecraft:skeleton":1,"minecraft:zombie":4},"minecraft:dropped":{"minecraft:oak_trapdoor":1,"minecraft:glass_bottle":1,"minecraft:dark_oak_sapling":5,"minecraft:cobblestone":8,"chococraft:gysahl_green_seeds":2,"minecraft:stick":1,"minecraft:torch":35,"minecraft:diamond_pickaxe":1,"minecraft:wooden_axe":1,"minecraft:spider_eye":1,"minecraft:oak_stairs":1,"gravestone:obituary":3,"minecraft:wooden_sword":1,"minecraft:string":1},"minecraft:custom":{"minecraft:mob_kills":6,"minecraft:interact_with_crafting_table":10,"minecraft:open_barrel":34,"minecraft:interact_with_loom":1,"minecraft:eat_cake_slice":7,"minecraft:interact_with_stonecutter":3,"minecraft:leave_game":1,"minecraft:time_since_death":51549,"minecraft:sleep_in_bed":4,"minecraft:climb_one_cm":676,"minecraft:time_since_rest":12273,"minecraft:sprint_one_cm":164471,"minecraft:damage_taken":963,"minecraft:walk_one_cm":367390,"minecraft:drop":22,"minecraft:damage_dealt":1095,"minecraft:swim_one_cm":28348,"minecraft:fly_one_cm":107924,"minecraft:open_chest":22,"minecraft:crouch_one_cm":11575,"minecraft:play_time":121047,"minecraft:deaths":3,"minecraft:sneak_time":4804,"minecraft:walk_under_water_one_cm":10170,"minecraft:jump":1168,"minecraft:walk_on_water_one_cm":3509,"minecraft:interact_with_smoker":1,"minecraft:total_world_time":121047,"minecraft:fall_one_cm":17959},"minecraft:mined":{"minecraft:deepslate_redstone_ore":10,"minecraft:tuff":116,"minecraft:deepslate_diamond_ore":9,"minecraft:dark_oak_log":172,"minecraft:crafting_table":1,"minecraft:torch":4,"gravestone:gravestone":3,"minecraft:granite":128,"minecraft:tall_grass":5,"minecraft:cobblestone":5,"minecraft:deepslate_coal_ore":9,"minecraft:deepslate_tile_stairs":3,"minecraft:deepslate_gold_ore":4,"minecraft:sugar_cane":2,"minecraft:diorite":20,"minecraft:wall_torch":20,"minecraft:spawner":1,"minecraft:light_blue_wall_banner":2,"minecraft:fire":1,"minecraft:iron_ore":7,"minecraft:deepslate_lapis_ore":3,"minecraft:grass":8,"chococraft:gysahl_green":13,"minecraft:coal_ore":26,"minecraft:deepslate_iron_ore":3,"minecraft:iron_bars":1,"minecraft:gravel":22,"minecraft:dirt":26,"minecraft:stone_bricks":1,"minecraft:stone":516,"minecraft:mossy_stone_bricks":3,"minecraft:deepslate":723,"minecraft:fern":1},"minecraft:used":{"minecraft:light_blue_banner":2,"minecraft:water_bucket":3,"minecraft:mossy_stone_bricks":3,"minecraft:flint_and_steel":30,"minecraft:chest":4,"minecraft:wooden_pickaxe":7,"minecraft:sugar_cane":6,"minecraft:rotten_flesh":4,"minecraft:white_candle":1,"minecraft:torch":108,"minecraft:crafting_table":4,"minecraft:obsidian":1,"minecraft:wooden_axe":173,"minecraft:diamond_pickaxe":1102,"chococraft:gysahl_green_seeds":12,"minecraft:iron_pickaxe":502,"minecraft:gravel":12,"minecraft:potion":1,"minecraft:wooden_sword":6,"minecraft:item_frame":1,"minecraft:diamond_sword":21,"minecraft:cobblestone":138,"minecraft:deepslate_tile_stairs":363,"minecraft:bucket":1,"chococraft:gysahl_green":12,"minecraft:cobbled_deepslate":54,"minecraft:diamond_leggings":1}},"DataVersion":3465}