{"stats":{"minecraft:used":{"minecraft:oak_fence":31,"minecraft:chest":6,"minecraft:spruce_planks":4,"minecraft:shield":40,"minecraft:iron_sword":218,"minecraft:wooden_shovel":12,"travelersbackpack:bat":1,"minecraft:rotten_flesh":5,"minecraft:oak_door":2,"minecraft:torch":65,"minecraft:dirt":12,"minecraft:carrot":38,"minecraft:spruce_fence":36,"minecraft:snowball":7,"minecraft:oak_fence_gate":2,"chococraft:chocobo_drumstick_raw":2,"minecraft:wooden_axe":499,"minecraft:bow":2,"minecraft:beef":4,"minecraft:sweet_berries":14,"minecraft:oak_sapling":3,"minecraft:furnace":3,"minecraft:cooked_beef":1,"minecraft:potato":21,"minecraft:cobbled_deepslate":33,"minecraft:wheat_seeds":7,"minecraft:stone_pickaxe":191,"minecraft:oak_planks":472,"minecraft:wooden_pickaxe":37,"minecraft:spruce_fence_gate":2,"minecraft:crafting_table":12,"minecraft:white_bed":1,"minecraft:apple":1,"chococraft:gysahl_green_seeds":17,"minecraft:spruce_sapling":5,"minecraft:stone_axe":137,"minecraft:cobblestone":17,"travelersbackpack:standard":3,"minecraft:cooked_porkchop":1,"minecraft:andesite":1,"chococraft:gysahl_green":117,"minecraft:experience_bottle":6},"minecraft:crafted":{"minecraft:oak_door":3,"minecraft:oak_planks":732,"minecraft:furnace":3,"minecraft:spruce_fence":48,"minecraft:stone_pickaxe":2,"minecraft:chest":5,"minecraft:oak_fence":132,"minecraft:cooked_beef":1,"minecraft:wooden_shovel":1,"minecraft:cooked_porkchop":1,"minecraft:crafting_table":6,"minecraft:spruce_planks":348,"minecraft:wooden_pickaxe":2,"minecraft:stone_axe":1,"minecraft:air":0,"minecraft:oak_fence_gate":2,"minecraft:shield":1,"minecraft:stick":172,"minecraft:iron_ingot":6,"minecraft:wooden_axe":9,"minecraft:spruce_fence_gate":2,"chococraft:gysahl_green_seeds":17,"minecraft:torch":64},"minecraft:dropped":{"minecraft:iron_ingot":1,"minecraft:iron_sword":1,"minecraft:wheat_seeds":11,"minecraft:orange_tulip":2,"chococraft:gysahl_green_seeds":26,"minecraft:granite":2,"gravestone:obituary":12,"minecraft:spruce_sapling":17,"minecraft:sweet_berries":9,"minecraft:cobbled_deepslate":4,"chococraft:chocobo_feather":1,"minecraft:birch_sapling":3,"minecraft:oak_planks":1,"travelersbackpack:bat":1,"minecraft:carrot":1,"minecraft:lily_of_the_valley":18,"minecraft:oak_sapling":25,"minecraft:wooden_shovel":1,"minecraft:spider_eye":1,"minecraft:wooden_pickaxe":1,"chococraft:gysahl_green":1},"minecraft:mined":{"minecraft:white_bed":2,"minecraft:oak_sapling":3,"gravestone:gravestone":11,"minecraft:granite":2,"minecraft:grass_block":40,"minecraft:spruce_fence":20,"minecraft:spruce_leaves":8,"minecraft:furnace":1,"minecraft:carrots":9,"minecraft:iron_ore":20,"minecraft:andesite":1,"chococraft:gysahl_green":54,"minecraft:potatoes":12,"minecraft:dirt_path":3,"minecraft:rail":49,"minecraft:white_tulip":1,"minecraft:stone":85,"minecraft:lily_of_the_valley":20,"minecraft:oak_fence":1,"minecraft:crafting_table":6,"minecraft:torch":1,"minecraft:polished_andesite_stairs":1,"minecraft:tall_grass":1,"minecraft:oak_planks":18,"minecraft:wall_torch":7,"minecraft:birch_log":111,"minecraft:wheat":6,"minecraft:sweet_berry_bush":12,"minecraft:ice":3,"minecraft:spruce_log":119,"minecraft:orange_tulip":2,"minecraft:grass":27,"minecraft:oak_log":264,"minecraft:coal_ore":19,"minecraft:gravel":3,"minecraft:dirt":13,"minecraft:cobweb":1,"minecraft:oak_leaves":43,"minecraft:deepslate":41,"spore:remains":1,"minecraft:fern":1},"minecraft:killed":{"minecraft:cave_spider":1,"minecraft:spider":3,"spore:leaper":1,"minecraft:skeleton":3,"minecraft:pig":1,"spore:inf_player":2,"spore:inf_wanderer":1,"spore:inf_drowned":3,"minecraft:creeper":2,"spore:inf_pillager":1,"spore:inf_villager":3,"spore:inf_human":9,"minecraft:zombie":4,"spore:busser":2,"minecraft:cow":2,"chococraft:chocobo":1},"minecraft:picked_up":{"minecraft:crafting_table":6,"chococraft:loverly_gysahl_green":8,"spore:mutated_heart":3,"minecraft:wheat":8,"travelersbackpack:bat":1,"minecraft:packed_ice":4,"minecraft:wooden_pickaxe":1,"gravestone:obituary":5,"minecraft:string":6,"minecraft:diamond_leggings":1,"spore:ice_canister":11,"minecraft:cobbled_deepslate":41,"minecraft:spruce_planks":189,"minecraft:beef":5,"minecraft:white_tulip":1,"minecraft:chest":1,"minecraft:birch_sapling":61,"minecraft:furnace":1,"minecraft:stick":176,"minecraft:raw_iron":20,"spore:wing_membrane":2,"minecraft:oak_fence":1,"minecraft:torch":9,"minecraft:spruce_fence":20,"minecraft:porkchop":1,"minecraft:carrot":35,"minecraft:arrow":8,"minecraft:rotten_flesh":11,"minecraft:beetroot_seeds":1,"chococraft:chocobo_drumstick_raw":2,"spore:tendons":10,"minecraft:snowball":59,"minecraft:rail":52,"minecraft:cobblestone":94,"minecraft:birch_log":168,"minecraft:andesite":3,"minecraft:leather":3,"minecraft:potato":41,"minecraft:ice":18,"minecraft:oak_log":259,"minecraft:dirt":106,"chococraft:chocobo_feather":13,"minecraft:bone":5,"chococraft:gysahl_green":143,"minecraft:apple":10,"chococraft:gold_gysahl":1,"minecraft:wheat_seeds":20,"minecraft:orange_tulip":2,"spore:mutated_fiber":32,"minecraft:mossy_stone_bricks":1,"minecraft:iron_sword":1,"minecraft:oak_planks":19,"minecraft:polished_andesite_stairs":2,"spore:cerebrum":2,"minecraft:sweet_berries":21,"spore:armor_fragment":4,"minecraft:gravel":5,"minecraft:spruce_sapling":54,"chococraft:gysahl_green_seeds":75,"minecraft:white_bed":2,"minecraft:spruce_log":147,"minecraft:lily_of_the_valley":38,"minecraft:spider_eye":1,"travelersbackpack:standard":1,"spore:claw_fragment":12,"minecraft:polished_andesite":2,"minecraft:granite":2,"minecraft:blue_ice":52,"minecraft:oak_sapling":125,"minecraft:coal":21},"minecraft:custom":{"minecraft:mob_kills":39,"minecraft:animals_bred":4,"minecraft:interact_with_crafting_table":54,"minecraft:open_barrel":2,"minecraft:leave_game":6,"minecraft:time_since_death":20804,"minecraft:sprint_one_cm":560302,"minecraft:walk_one_cm":703385,"minecraft:damage_blocked_by_shield":1705,"minecraft:drop":35,"minecraft:talked_to_villager":1,"minecraft:play_time":195582,"minecraft:deaths":11,"minecraft:sneak_time":5536,"minecraft:walk_under_water_one_cm":25021,"minecraft:jump":3378,"minecraft:walk_on_water_one_cm":14698,"minecraft:total_world_time":195582,"minecraft:interact_with_furnace":12,"minecraft:sleep_in_bed":5,"minecraft:time_since_rest":20824,"minecraft:damage_taken":5316,"minecraft:damage_dealt":9937,"minecraft:swim_one_cm":55514,"minecraft:fly_one_cm":728597,"minecraft:open_chest":34,"minecraft:crouch_one_cm":17208,"minecraft:fall_one_cm":69847},"minecraft:broken":{"minecraft:stone_pickaxe":1,"minecraft:wooden_axe":7}},"DataVersion":3465}