{"stats":{"minecraft:dropped":{"minecraft:water_bucket":1,"minecraft:furnace":1,"minecraft:stone_axe":1,"minecraft:wheat_seeds":2,"minecraft:porkchop":5,"chococraft:loverly_gysahl_green":5,"minecraft:diamond_axe":1,"minecraft:lapis_lazuli":16,"minecraft:raw_copper":62,"minecraft:diamond":2,"minecraft:pointed_dripstone":8,"minecraft:stone_shovel":1,"minecraft:feather":14,"minecraft:chicken":3,"minecraft:cobblestone":3,"minecraft:rotten_flesh":1,"minecraft:oak_planks":12,"chococraft:gysahl_green_seeds":31,"minecraft:golden_shovel":1,"minecraft:white_bed":1,"minecraft:flint_and_steel":1,"minecraft:flint":2,"minecraft:poppy":1,"minecraft:shield":1,"minecraft:torch":29,"minecraft:mutton":5,"minecraft:oak_stairs":1,"minecraft:amethyst_shard":12,"minecraft:iron_axe":1,"minecraft:arrow":11,"minecraft:bow":1,"minecraft:beef":3,"minecraft:stone_pickaxe":2,"minecraft:raw_gold":15,"minecraft:iron_pickaxe":2,"minecraft:birch_log":11,"minecraft:lily_pad":1,"minecraft:white_wool":3,"chococraft:gysahl_green":41,"minecraft:bone":9,"minecraft:redstone":46},"minecraft:crafted":{"minecraft:cooked_beef":10,"minecraft:oak_planks":24,"minecraft:crafting_table":1,"minecraft:furnace":1,"minecraft:diamond_pickaxe":1,"minecraft:stick":36,"minecraft:iron_ingot":5,"minecraft:stone_pickaxe":2,"minecraft:stone_sword":1,"minecraft:torch":86},"minecraft:used":{"minecraft:water_bucket":1,"minecraft:diorite":10,"minecraft:stone_sword":12,"minecraft:iron_chestplate":1,"minecraft:glow_berries":6,"minecraft:torch":81,"minecraft:dirt":7,"minecraft:crafting_table":4,"minecraft:dripstone_block":2,"minecraft:tuff":1,"minecraft:diamond_pickaxe":4,"minecraft:iron_axe":138,"minecraft:bread":3,"minecraft:iron_pickaxe":191,"minecraft:iron_helmet":1,"minecraft:iron_boots":1,"minecraft:stone_axe":1,"minecraft:cobblestone":14,"minecraft:furnace":1,"minecraft:cooked_porkchop":1,"minecraft:bucket":1,"chococraft:gysahl_green":13,"minecraft:cooked_beef":10,"minecraft:cobbled_deepslate":47,"minecraft:pointed_dripstone":3,"minecraft:iron_leggings":1},"minecraft:killed":{"minecraft:cave_spider":11,"minecraft:skeleton":4,"minecraft:zombie":11,"minecraft:drowned":1,"minecraft:cow":2},"minecraft:custom":{"minecraft:interact_with_furnace":7,"minecraft:mob_kills":29,"minecraft:interact_with_crafting_table":4,"minecraft:leave_game":2,"minecraft:time_since_death":93073,"minecraft:time_since_rest":93106,"minecraft:sprint_one_cm":91858,"minecraft:damage_taken":1892,"minecraft:walk_one_cm":347281,"minecraft:drop":48,"minecraft:damage_dealt":5519,"minecraft:fly_one_cm":158511,"minecraft:crouch_one_cm":1678,"minecraft:play_time":110328,"minecraft:deaths":1,"minecraft:sneak_time":668,"minecraft:walk_under_water_one_cm":1956,"minecraft:jump":1051,"minecraft:walk_on_water_one_cm":11183,"minecraft:total_world_time":110328,"minecraft:fall_one_cm":38818},"minecraft:picked_up":{"minecraft:crafting_table":4,"minecraft:iron_chestplate":1,"chococraft:loverly_gysahl_green":9,"minecraft:leather":3,"minecraft:oak_stairs":1,"minecraft:tuff":1,"chococraft:chocobo_saddle":1,"minecraft:oak_log":6,"chococraft:chocobo_feather":1,"minecraft:string":22,"minecraft:dirt":7,"minecraft:raw_copper":37,"minecraft:iron_axe":2,"minecraft:iron_leggings":1,"minecraft:bone":3,"chococraft:gysahl_green":62,"minecraft:wheat_seeds":2,"minecraft:cobbled_deepslate":69,"minecraft:raw_gold":7,"minecraft:beef":6,"minecraft:poppy":1,"minecraft:iron_pickaxe":3,"minecraft:furnace":1,"minecraft:iron_boots":1,"minecraft:raw_iron":15,"minecraft:torch":14,"minecraft:dripstone_block":2,"chococraft:gysahl_green_seeds":22,"minecraft:pointed_dripstone":11,"minecraft:diorite":21,"minecraft:spider_eye":2,"minecraft:arrow":2,"minecraft:diamond":5,"minecraft:rotten_flesh":15,"chococraft:chocobo_whistle":1,"minecraft:iron_helmet":1,"minecraft:obsidian":4,"minecraft:coal":29,"minecraft:cobblestone":33},"minecraft:mined":{"minecraft:deepslate_diamond_ore":5,"minecraft:obsidian":4,"minecraft:crafting_table":3,"minecraft:torch":11,"minecraft:calcite":2,"minecraft:grass_block":1,"minecraft:poppy":1,"minecraft:copper_ore":13,"minecraft:tall_grass":6,"minecraft:cobblestone":2,"minecraft:lapis_ore":1,"minecraft:diorite":26,"minecraft:wall_torch":2,"minecraft:amethyst_block":4,"minecraft:spawner":2,"minecraft:furnace":1,"minecraft:iron_ore":15,"minecraft:dripstone_block":14,"minecraft:grass":21,"minecraft:pointed_dripstone":4,"chococraft:gysahl_green":25,"minecraft:oak_log":5,"minecraft:coal_ore":11,"minecraft:cobweb":12,"minecraft:oak_stairs":1,"minecraft:dirt":4,"minecraft:stone":39,"minecraft:gold_ore":7,"minecraft:deepslate":41}},"DataVersion":3465}