{"stats":{"minecraft:picked_up":{"minecraft:birch_log":5,"chococraft:loverly_gysahl_green":3,"minecraft:crafting_table":6,"minecraft:feather":2,"minecraft:chicken":1,"minecraft:salmon":3,"minecraft:dirt":33,"minecraft:raw_copper":66,"minecraft:bone":2,"chococraft:gysahl_green":33,"chococraft:gold_gysahl":2,"minecraft:wheat_seeds":2,"minecraft:egg":1,"minecraft:stick":2,"minecraft:torch":1,"minecraft:porkchop":6,"chococraft:gysahl_green_seeds":13,"minecraft:white_bed":1,"minecraft:dark_oak_log":35,"minecraft:dark_oak_planks":3,"minecraft:arrow":3,"minecraft:rotten_flesh":1,"minecraft:bone_meal":1,"minecraft:black_wool":1,"minecraft:mutton":7,"minecraft:coal":10,"minecraft:white_wool":3,"minecraft:cobblestone":74},"minecraft:mined":{"minecraft:dark_oak_planks":1,"minecraft:white_bed":1,"minecraft:dark_oak_leaves":6,"minecraft:dark_oak_log":17,"minecraft:crafting_table":6,"minecraft:torch":1,"gravestone:gravestone":2,"minecraft:grass_block":1,"minecraft:copper_ore":18,"minecraft:birch_log":12,"minecraft:birch_leaves":1,"minecraft:grass":6,"chococraft:gysahl_green":13,"minecraft:coal_ore":10,"minecraft:dirt":1,"minecraft:stone":75,"minecraft:oak_leaves":1,"minecraft:fern":2},"minecraft:killed":{"minecraft:pig":2,"minecraft:salmon":3,"minecraft:sheep":4,"minecraft:skeleton":2,"minecraft:zombie":2,"minecraft:chicken":1},"minecraft:used":{"minecraft:birch_planks":13,"minecraft:stone_pickaxe":85,"minecraft:wooden_pickaxe":19,"minecraft:torch":2,"minecraft:dirt":1,"minecraft:crafting_table":6,"minecraft:white_bed":2,"minecraft:dark_oak_planks":8,"minecraft:wooden_axe":40,"minecraft:stone_axe":34,"minecraft:furnace":1,"minecraft:cooked_porkchop":1},"minecraft:custom":{"minecraft:interact_with_furnace":3,"minecraft:mob_kills":14,"minecraft:interact_with_crafting_table":6,"minecraft:leave_game":1,"minecraft:time_since_death":15431,"minecraft:sleep_in_bed":2,"minecraft:climb_one_cm":782,"minecraft:time_since_rest":254,"minecraft:sprint_one_cm":50689,"minecraft:damage_taken":1255,"minecraft:walk_one_cm":95132,"minecraft:damage_dealt":1442,"minecraft:fly_one_cm":29585,"minecraft:crouch_one_cm":1833,"minecraft:play_time":31838,"minecraft:deaths":4,"minecraft:sneak_time":319,"minecraft:walk_under_water_one_cm":3003,"minecraft:jump":346,"minecraft:walk_on_water_one_cm":3840,"minecraft:total_world_time":31838,"minecraft:fall_one_cm":9138},"minecraft:crafted":{"minecraft:cooked_porkchop":3,"minecraft:crafting_table":4,"minecraft:wooden_pickaxe":2,"minecraft:furnace":1,"minecraft:birch_planks":20,"minecraft:stone_axe":1,"minecraft:stick":32,"minecraft:stone_pickaxe":3,"minecraft:wooden_axe":2,"minecraft:white_bed":1,"minecraft:dark_oak_planks":100,"minecraft:torch":22}},"DataVersion":3465}