{
  "minecraft:recipes/decorations/crafting_table": {
    "criteria": {
      "unlock_right_away": "2024-07-22 23:37:39 +0000"
    },
    "done": true
  },
  "mowziesmobs:root": {
    "criteria": {
      "custom_test_name": "2024-07-22 23:37:39 +0000"
    },
    "done": true
  },
  "minecraft:adventure/adventuring_time": {
    "criteria": {
      "minecraft:beach": "2024-07-22 23:41:19 +0000",
      "minecraft:lukewarm_ocean": "2024-07-22 23:40:10 +0000",
      "minecraft:river": "2024-07-22 23:41:25 +0000",
      "minecraft:forest": "2024-07-22 23:41:27 +0000",
      "minecraft:savanna": "2024-07-22 23:41:04 +0000",
      "minecraft:plains": "2024-07-22 23:37:40 +0000"
    },
    "done": false
  },
  "DataVersion": 3465
}